"","site","stream","month","day","year","latitude","longitude","huc4","wet_dry","wet_wetdry_dry","prosper_ma","fish_sampled_length_m","fish_presence","richness","evenness","abundance","abundance_per_m","bg_rel_abund","blbh_rel_abund","brmn_rel_abund","brsb_rel_abund","carp_rel_abund","ccat_rel_abund","cmsh_rel_abund","crch_rel_abund","fhch_rel_abund","fhmn_rel_abund","ge_rel_abund","gsh_rel_abund","gsun_rel_abund","iowa_rel_abund","jdt_rel_abund","lkch_rel_abund","ll_rel_abund","lmb_rel_abund","lndc_rel_abund","lnsu_rel_abund","np_rel_abund","odt_rel_abund","pkf_rel_abund","plsu_rel_abund","ptmn_rel_abund","pump_rel_abund","rcsu_rel_abund","rdsh_rel_abund","rkb_rel_abund","scat_rel_abund","sdsh_rel_abund","shrh_rel_abund","smb_rel_abund","smbuf_rel_abund","str_rel_abund","we_rel_abund","wsmn_rel_abund","wsplmn_rel_abund","wsu_rel_abund","ylbh_rel_abund","yp_rel_abund","comid","habitat_sampled_length_m","mean_depth_m","max_depth_m","mean_width_m","depth_x_width_m2","discharge_m3_s","mean_velocity_m_s","percent_pool","percent_riffle","percent_run","wetted_area_m2","wetted_area_per100m","temp_c","conductivity","specific_cond","percent_do","do_mg_L","turbidity_cm","dom_substrate","MJJA_HIST","BFICat","ICI_v2_1","wet_dry_01"
"1","12","Antelope Creek",7,20,2022,43.48132,-105.2058,"1012","Wet","Wet",0.715406069,100,1,2,0.22036715,20,0.2,NA,NA,NA,NA,NA,NA,NA,NA,NA,NA,NA,NA,NA,NA,NA,NA,NA,NA,NA,NA,NA,NA,0.2,NA,0.8,NA,NA,NA,NA,NA,NA,NA,NA,NA,NA,NA,NA,NA,NA,NA,NA,"5401819",100,NA,NA,NA,NA,NA,NA,0,0,100,749.346,749.346,30.2,NA,1322,162.9,NA,95,NA,82.7324295,37.438,0.849332048426787,1
"2","33","Arch Creek",8,3,2022,44.31392,-104.67812,"1012","Dry","WetDry",0.571018187,100,1,5,0.25755274,31,0.31,NA,0.258064516,NA,NA,NA,NA,NA,NA,NA,0.225806452,NA,NA,0.35483871,NA,NA,NA,NA,NA,NA,NA,NA,NA,NA,NA,NA,NA,NA,0.064516129,NA,NA,NA,NA,NA,NA,NA,NA,NA,NA,0.096774194,NA,NA,"10904759",100,0.08333333,0.8,0.73,0.06083333,NA,NA,92.0769998,0,7.9230002,182.494,182.494,17.3,NA,1379,47.3,4.5,20,NA,6.75172997,82,0.855570816481903,0
"3","75","Bitter Creek",8,8,2022,45.031,-105.882,"1009","Dry","Dry",0.625109087,100,0,0,NA,0,0,NA,NA,NA,NA,NA,NA,NA,NA,NA,NA,NA,NA,NA,NA,NA,NA,NA,NA,NA,NA,NA,NA,NA,NA,NA,NA,NA,NA,NA,NA,NA,NA,NA,NA,NA,NA,NA,NA,NA,NA,NA,"5387311",100,0,0,0,0,0,0,0,0,0,0,0,NA,NA,NA,NA,NA,NA,NA,9.67660141,49.5886,0.827251448868994,0
"4","17","Box Creek",7,20,2022,43.101,-105.262,"1012","Dry","Dry",0.613042422,100,0,0,NA,0,0,NA,NA,NA,NA,NA,NA,NA,NA,NA,NA,NA,NA,NA,NA,NA,NA,NA,NA,NA,NA,NA,NA,NA,NA,NA,NA,NA,NA,NA,NA,NA,NA,NA,NA,NA,NA,NA,NA,NA,NA,NA,"5596048",100,0,0,0,0,0,0,0,0,0,0,0,NA,NA,NA,NA,NA,NA,NA,4.98849344,39.9714,0.849017518282876,0
"5","74","Boxelder Creek",8,1,2022,45.49322,-104.45287,"1011","Wet","Wet",0.695981826,100,1,7,0.08900148,981,9.81,NA,0.007135576,NA,NA,0.002038736,NA,NA,NA,NA,0.713557594,NA,NA,0.002038736,NA,NA,NA,NA,NA,NA,NA,NA,NA,NA,NA,NA,NA,NA,NA,NA,NA,0.009174312,NA,NA,NA,NA,NA,NA,0.086646279,0.179408767,NA,NA,"9782535",100,0.31533333,0.84,4.1283333,1.30180111,0.000748,0.000666667,0,0,100,400.048,400.048,22.3,NA,6611,98.5,8.34,35.5,NA,45.35750198,37,0.407679750309902,1
"6","15","Caballo Creek",8,4,2022,44.085,-105.28,"1012","Dry","Dry",0.722636362,100,0,0,NA,0,0,NA,NA,NA,NA,NA,NA,NA,NA,NA,NA,NA,NA,NA,NA,NA,NA,NA,NA,NA,NA,NA,NA,NA,NA,NA,NA,NA,NA,NA,NA,NA,NA,NA,NA,NA,NA,NA,NA,NA,NA,NA,"10902851",100,0,0,0,0,0,0,0,0,0,0,0,NA,NA,NA,NA,NA,NA,NA,28.8509388,50,0.844710598084377,0
"7","37","Cabin Creek",7,13,2022,44.49802,-104.79692,"1012","Wet","Wet",0.583484847,100,1,6,0.09285766,461,4.61,NA,0.162689805,NA,NA,NA,NA,NA,NA,NA,0.1670282,NA,NA,0.600867679,NA,NA,NA,NA,NA,NA,NA,NA,NA,NA,NA,NA,NA,NA,NA,NA,NA,0.010845987,0.002169197,NA,NA,NA,NA,NA,NA,0.056399132,NA,NA,"10904203",100,NA,NA,NA,NA,0.011151,0.004,NA,NA,NA,NA,NA,23.6,NA,2410,70.4,NA,93,NA,4.59467268,70,0.792813365461586,1
"8","62","Crazy Woman Creek",7,27,2022,44.47807,-106.2279,"1009","Wet","Wet",0.783315146,100,1,8,0.24973248,35,0.35,NA,NA,NA,NA,0.057142857,0.142857143,NA,NA,0.285714286,NA,0.028571429,NA,NA,NA,NA,NA,NA,NA,NA,NA,NA,NA,NA,NA,NA,NA,0.085714286,NA,NA,NA,NA,0.114285714,0.2,NA,NA,NA,NA,NA,0.085714286,NA,NA,"5372121",100,NA,NA,NA,NA,0.072128,0.032666667,13.0015183,18.3407548,68.6577269,706.056,706.056,23,NA,1992,84.4,NA,24.5,NA,95.35053253,49,0.828089489693268,1
"9","60","Donkey Creek",7,8,2022,44.587,-106.529,"1009","Dry","Dry",0.398072726,100,0,0,NA,0,0,NA,NA,NA,NA,NA,NA,NA,NA,NA,NA,NA,NA,NA,NA,NA,NA,NA,NA,NA,NA,NA,NA,NA,NA,NA,NA,NA,NA,NA,NA,NA,NA,NA,NA,NA,NA,NA,NA,NA,NA,NA,"5377866",100,0,0,0,0,0,0,0,0,0,0,0,NA,NA,NA,NA,NA,NA,NA,0.53741449,58.1963,0.841510998081125,0
"10","38","Dugout Creek",7,21,2022,43.47638,-106.4127,"1009","Dry","WetDry",0.490848484,100,1,8,0.10449023,387,3.87,NA,NA,NA,NA,NA,NA,NA,0.002583979,0.015503876,0.046511628,NA,NA,NA,NA,NA,NA,NA,NA,0.010335917,NA,NA,NA,0.095607235,NA,NA,NA,NA,NA,NA,NA,0.031007752,NA,NA,NA,NA,NA,NA,0.795865633,0.002583979,NA,NA,"5366443",100,NA,NA,NA,NA,NA,NA,91.0980041,0,8.9019959,146.147,146.147,20.5,NA,8924,91.2,NA,13,NA,3.47630501,65,0.599203089653117,0
"11","83","East Fork Little Powder River",8,9,2022,45.35049,-105.25307,"1009","Wet","Wet",0.648915145,100,1,4,0.30758044,8,0.08,NA,NA,NA,NA,NA,NA,NA,0.125,NA,NA,NA,NA,NA,NA,NA,NA,NA,NA,NA,NA,NA,NA,NA,NA,NA,NA,NA,NA,NA,0.5,0.125,NA,NA,NA,NA,NA,NA,NA,0.25,NA,NA,"9570255",100,0.42333333,0.87,1.3033333,0.55174444,0.05924,0.159285714,0,47.0204255,52.9795745,108.002,108.002,20.5,NA,1598,100.5,9,13.5,NA,11.13413906,39.046,0.751281112252395,1
"12","45","Horse Ranch Creek",7,21,2022,43.183,-106.339,"1009","Dry","Dry",0.54226666,100,0,0,NA,0,0,NA,NA,NA,NA,NA,NA,NA,NA,NA,NA,NA,NA,NA,NA,NA,NA,NA,NA,NA,NA,NA,NA,NA,NA,NA,NA,NA,NA,NA,NA,NA,NA,NA,NA,NA,NA,NA,NA,NA,NA,NA,"5366985",100,0,0,0,0,0,0,0,0,0,0,0,NA,NA,NA,NA,NA,NA,NA,0.43483683,53,0.895780452914201,0
"13","19","Indian Creek",7,18,2022,42.96036,-104.17644,"1012","Wet","Wet",0.627787872,100,1,3,0.11322153,147,1.47,NA,NA,NA,NA,NA,NA,NA,NA,NA,0.020408163,NA,NA,NA,NA,NA,NA,NA,NA,0.80952381,NA,NA,NA,NA,NA,NA,NA,NA,NA,NA,NA,NA,NA,NA,NA,NA,NA,NA,NA,0.170068027,NA,NA,"5440706",100,NA,NA,NA,NA,0.004655,0.038,NA,NA,NA,NA,NA,23.6,NA,501,95.3,NA,17.5,NA,4.15549517,60,0.857723901686579,1
"14","85","Inyan Kara Creek",7,14,2022,44.44522,-104.72514,"1012","Wet","Wet",0.807193939,100,1,6,0.16226576,42,0.42,NA,0.095238095,NA,NA,NA,NA,NA,0.547619048,NA,0.047619048,NA,NA,0.023809524,NA,NA,NA,NA,NA,NA,NA,NA,NA,NA,NA,NA,NA,NA,NA,NA,NA,NA,NA,0.238095238,NA,NA,NA,NA,NA,0.047619048,NA,NA,"10904369",100,NA,NA,NA,NA,0.00189,0.005333333,47.4111012,8.3230625,44.2658363,229.615,229.615,27.3,NA,0.1,117.6,NA,93,NA,33.89693451,72.8189,0.707302214377647,1
"15","63","Lance Creek",7,19,2022,43.1396,-104.61629,"1012","Wet","Wet",0.749006055,100,1,5,0.27972073,80,0.8,NA,NA,NA,NA,NA,NA,NA,NA,NA,0.2625,NA,NA,NA,NA,NA,NA,NA,NA,0.1125,NA,NA,NA,0.075,NA,0.275,NA,NA,NA,NA,NA,0.275,NA,NA,NA,NA,NA,NA,NA,NA,NA,NA,"5423187",100,NA,NA,NA,NA,0.0038869,0.027333333,13.1448005,15.6497663,71.2054333,99.682,99.682,19.7,NA,2953,94.1,NA,43,NA,21.29265213,48.307,0.853050982168074,1
"16","76","Little Missouri River",8,3,2022,45.1298,-104.35327,"1011","Wet","Wet",0.698696982,100,1,6,0.16498387,59,0.59,NA,NA,NA,NA,0.13559322,0.288135593,NA,NA,NA,NA,NA,NA,0.203389831,NA,NA,NA,NA,NA,NA,NA,NA,NA,NA,NA,NA,NA,NA,NA,NA,NA,0.271186441,0.016949153,NA,NA,NA,NA,NA,NA,0.084745763,NA,NA,"9794588",100,0.40633333,0.76,11.2333333,4.56447778,0.006993,0.003333333,0,0,100,1257.491,1257.491,20.5,NA,1981,79.9,7.14,16,NA,109.71977234,47.7495,0.663144040436527,1
"17","69","Mitzpah Creek",8,3,2022,46.221,-105.302,"1009","Dry","WetDry",0.64931515,100,1,5,0.20538502,19,0.19,NA,NA,NA,NA,0.052631579,NA,NA,0.105263158,NA,0.263157895,NA,NA,0.052631579,NA,NA,NA,NA,NA,NA,NA,NA,NA,0.526315789,NA,NA,NA,NA,NA,NA,NA,NA,NA,NA,NA,NA,NA,NA,NA,NA,NA,NA,"13221469",100,NA,NA,NA,NA,NA,NA,88.7813875,0,11.2186125,225.01,225.01,34,NA,3247,155.3,10.87,17.5,NA,51.29396057,19.9963,0.616698174388319,0
"18","44","Mule Creek",7,19,2022,43.362,-104.227,"1012","Dry","Dry",0.164612122,100,0,0,NA,0,0,NA,NA,NA,NA,NA,NA,NA,NA,NA,NA,NA,NA,NA,NA,NA,NA,NA,NA,NA,NA,NA,NA,NA,NA,NA,NA,NA,NA,NA,NA,NA,NA,NA,NA,NA,NA,NA,NA,NA,NA,NA,"9553669",100,0,0,0,0,0,0,0,0,0,0,0,NA,NA,NA,NA,NA,NA,NA,5.09503508,63.0861,0.876955959819942,0
"19","64","North Fork Crazy Woman Creek",7,1,2022,44.08814,-106.67921,"1009","Wet","Wet",0.747509084,100,1,6,0.11102505,132,1.32,NA,NA,NA,NA,NA,NA,NA,0.325581395,0.031007752,NA,NA,NA,NA,NA,NA,NA,NA,NA,0.023255814,NA,NA,NA,NA,NA,NA,NA,NA,NA,NA,0.031007752,NA,0.007751938,NA,NA,NA,NA,NA,NA,0.581395349,NA,NA,"5372715",100,NA,NA,NA,NA,0.08142,0.074,NA,NA,NA,NA,NA,18.2,NA,1292,77.4,NA,36,NA,30.8505497,60.9287,0.908955554651127,1
"20","72","Otter Creek",7,26,2022,45.40295,-106.1424,"1009","Wet","Wet",0.77903031,100,1,2,0.25058566,13,0.13,NA,NA,0.230769231,NA,NA,NA,NA,NA,NA,NA,NA,NA,NA,NA,NA,0.769230769,NA,NA,NA,NA,NA,NA,NA,NA,NA,NA,NA,NA,NA,NA,NA,NA,NA,NA,NA,NA,NA,NA,NA,NA,NA,"12756969",100,NA,NA,NA,NA,0.009982,0.006666667,0,0,100,604.345,604.345,23.2,NA,4145,90.1,NA,95,NA,30.31582642,53.8854,0.766545417240212,1
"21","78","Ranch Creek",7,25,2022,45.057,-105.23856,"1009","Wet","Wet",0.524030303,100,1,1,NA,2,0.02,NA,NA,NA,NA,NA,NA,NA,NA,NA,NA,NA,NA,NA,NA,NA,NA,NA,NA,NA,NA,NA,NA,1,NA,NA,NA,NA,NA,NA,NA,NA,NA,NA,NA,NA,NA,NA,NA,NA,NA,NA,"9570327",100,NA,NA,NA,NA,0.0046657,0.019333333,0,3.8604781,96.1395219,254.813,254.813,20.9,NA,0.1,76.7,NA,25,NA,3.39101958,50,0.852585925249755,1
"22","70","Rosebud Creek",7,11,2022,45.21595,-106.97495,"1010","Wet","Wet",0.764054551,100,1,2,0.7773996,11,0.11,NA,NA,NA,NA,NA,NA,NA,NA,NA,0.545454545,NA,NA,NA,NA,NA,NA,NA,NA,0.454545455,NA,NA,NA,NA,NA,NA,NA,NA,NA,NA,NA,NA,NA,NA,NA,NA,NA,NA,NA,NA,NA,NA,"13238919",100,NA,NA,NA,NA,0.00307,0.020666667,11.8726676,0.5665213,87.5608111,111.205,111.205,16.6,NA,8.6,40.5,NA,95,NA,2.99527669,62.8578,0.761753447804852,1
"23","39","SA Creek",8,8,2022,44.922,-105.903,"1009","Dry","Dry",0.498878789,100,0,0,NA,0,0,NA,NA,NA,NA,NA,NA,NA,NA,NA,NA,NA,NA,NA,NA,NA,NA,NA,NA,NA,NA,NA,NA,NA,NA,NA,NA,NA,NA,NA,NA,NA,NA,NA,NA,NA,NA,NA,NA,NA,NA,NA,"5390439",100,0,0,0,0,0,0,0,0,0,0,0,NA,NA,NA,NA,NA,NA,NA,4.45708323,49,0.834628382697151,0
"24","10","Salt Creek",7,28,2022,43.426619,-106.29077,"1009","Wet","Wet",0.714181804,100,1,3,0.35219873,35,0.35,NA,NA,0.485714286,NA,NA,NA,NA,NA,0.171428571,NA,NA,NA,NA,NA,NA,NA,NA,NA,0.342857143,NA,NA,NA,NA,NA,NA,NA,NA,NA,NA,NA,NA,NA,NA,NA,NA,NA,NA,NA,NA,NA,NA,"5366525",100,NA,NA,NA,NA,0.0371142,0.014615385,NA,NA,NA,NA,NA,24.1,NA,4594,130,10.77,95,NA,32.23791885,61.8658,0.802492969566347,1
"25","73","Sarpy Creek",7,11,2022,45.91778,-107.12907,"1010","Wet","Wet",0.724345455,100,1,4,0.30558924,78,0.78,NA,NA,NA,0.115384615,0.153846154,NA,NA,NA,NA,NA,NA,NA,NA,NA,NA,NA,NA,NA,NA,NA,NA,NA,0.384615385,NA,NA,NA,NA,NA,NA,NA,NA,NA,NA,NA,NA,NA,NA,NA,0.346153846,NA,NA,"13261735",100,NA,NA,NA,NA,0.000955,0.006,10.8026437,0.5320725,88.6652837,222.714,222.714,25.9,NA,6982,208.5,NA,95,NA,13.81058216,53,0.809285939280296,1
"26","26","South Fork Powder River",7,28,2022,43.32822,-106.68095,"1009","Wet","Wet",0.618060602,100,1,4,0.10684044,80,0.8,NA,NA,NA,NA,NA,NA,NA,NA,0.0125,NA,NA,NA,NA,NA,NA,NA,NA,NA,NA,NA,NA,NA,0.825,NA,NA,NA,NA,NA,NA,NA,0.1375,NA,NA,NA,NA,NA,NA,0.025,NA,NA,NA,"5359192",100,0.07466667,0.19,2.715,0.20272,0.03179,0.260666667,1.7525026,27.1629978,71.0844996,252.439,252.439,24.9,NA,3561,100,8.18,90,NA,31.70162582,63,0.785424829539571,1
"27","65","Spotted Horse Creek",8,8,2022,44.749,-105.894,"1009","Dry","Dry",0.574660608,100,0,0,NA,0,0,NA,NA,NA,NA,NA,NA,NA,NA,NA,NA,NA,NA,NA,NA,NA,NA,NA,NA,NA,NA,NA,NA,NA,NA,NA,NA,NA,NA,NA,NA,NA,NA,NA,NA,NA,NA,NA,NA,NA,NA,NA,"9589054",100,0,0,0,0,0,0,0,0,0,0,0,NA,NA,NA,NA,NA,NA,NA,3.8933568,50,0.820209635731139,0
"28","77","Tie Creek",8,2,2022,45.53348,-104.13185,"1011","Dry","WetDry",0.605387883,100,1,3,0.13345133,173,1.73,NA,0.086705202,NA,NA,NA,NA,NA,NA,NA,0.855491329,NA,NA,0.057803468,NA,NA,NA,NA,NA,NA,NA,NA,NA,NA,NA,NA,NA,NA,NA,NA,NA,NA,NA,NA,NA,NA,NA,NA,NA,NA,NA,NA,"9790354",100,NA,0.15,NA,NA,NA,NA,100,0,0,67.034,67.034,22.9,NA,1860,-0.4,-0.003,5,NA,3.50111103,38,0.680591544187292,0
"29","52","Unnamed 1",8,10,2022,43.44779,-106.27551,"1009","Wet","Wet",0.401393938,100,0,0,NA,0,0,NA,NA,NA,NA,NA,NA,NA,NA,NA,NA,NA,NA,NA,NA,NA,NA,NA,NA,NA,NA,NA,NA,NA,NA,NA,NA,NA,NA,NA,NA,NA,NA,NA,NA,NA,NA,NA,NA,NA,NA,NA,"5367177",100,0.13766667,0.72,0.9316667,0.12825944,0.004431,0.014,31.105177,10.8057924,58.0890305,104.481,104.481,20.9,NA,1969,85.2,7.56,12.5,NA,0.95533186,61.963,0.726568778777028,1
"30","59","Unnamed 2",NA,NA,2022,43.483,-106.421,"1009","Dry","Dry",0.376945457,100,0,0,NA,0,0,NA,NA,NA,NA,NA,NA,NA,NA,NA,NA,NA,NA,NA,NA,NA,NA,NA,NA,NA,NA,NA,NA,NA,NA,NA,NA,NA,NA,NA,NA,NA,NA,NA,NA,NA,NA,NA,NA,NA,NA,NA,"5366433",100,0,0,0,0,0,0,0,0,0,0,0,NA,NA,NA,NA,NA,NA,NA,1.04208279,65,0.682676556260796,0
"31","40","Unnamed 3",7,8,2022,44.094,-106.712,"1009","Dry","Dry",0.481296978,100,0,0,NA,0,0,NA,NA,NA,NA,NA,NA,NA,NA,NA,NA,NA,NA,NA,NA,NA,NA,NA,NA,NA,NA,NA,NA,NA,NA,NA,NA,NA,NA,NA,NA,NA,NA,NA,NA,NA,NA,NA,NA,NA,NA,NA,"5372689",100,0,0,0,0,0,0,0,0,0,0,0,NA,NA,NA,NA,NA,NA,NA,0.20363173,63.8506,0.584541566384265,0
"32","49","Unnamed 4",7,8,2022,44.107,-106.71,"1009","Dry","Dry",0.359042419,100,0,0,NA,0,0,NA,NA,NA,NA,NA,NA,NA,NA,NA,NA,NA,NA,NA,NA,NA,NA,NA,NA,NA,NA,NA,NA,NA,NA,NA,NA,NA,NA,NA,NA,NA,NA,NA,NA,NA,NA,NA,NA,NA,NA,NA,"5372651",100,0,0,0,0,0,0,0,0,0,0,0,NA,NA,NA,NA,NA,NA,NA,0.10831632,63.6989,0.864629361551338,0
"33","67","Wild Horse Creek",8,8,2022,44.516,-105.939,"1009","Dry","Dry",0.75720605,100,0,0,NA,0,0,NA,NA,NA,NA,NA,NA,NA,NA,NA,NA,NA,NA,NA,NA,NA,NA,NA,NA,NA,NA,NA,NA,NA,NA,NA,NA,NA,NA,NA,NA,NA,NA,NA,NA,NA,NA,NA,NA,NA,NA,NA,"9588924",100,0,0,0,0,0,0,0,0,0,0,0,NA,NA,NA,NA,NA,NA,NA,20.99816513,50,0.718123881448425,0
"34","N1","Buffalo Creek",7,29,2022,43.53001,-106.87265,"1009","Wet","Wet",0.754072735,100,1,3,0.36908156,9,0.09,NA,NA,NA,NA,NA,NA,NA,NA,NA,NA,NA,NA,NA,NA,NA,NA,0.222222222,NA,0.555555556,NA,NA,NA,NA,NA,NA,NA,NA,NA,NA,NA,NA,NA,NA,NA,NA,NA,NA,NA,0.222222222,NA,NA,"5351901",100,0.251,1.02,3.01,0.75551,0.049176,0.149333333,11.997132,65.7887944,22.2140735,244.075,244.075,17.9,NA,535,101.9,9.65,95,NA,40.10441589,68,0.842605219885106,1
"35","N2","Crow Creek (MT)",8,9,2022,45.490586,-104.975586,"1009","Dry","WetDry",0.551769696,100,1,8,0.14518259,104,1.04,NA,0.028846154,0.25,NA,0.480769231,NA,NA,NA,NA,0.048076923,NA,NA,0.009615385,NA,NA,NA,NA,NA,NA,NA,NA,NA,0.115384615,NA,NA,NA,NA,NA,NA,NA,0.038461538,NA,NA,NA,NA,NA,NA,NA,0.028846154,NA,NA,"9830704",100,NA,NA,NA,NA,NA,NA,NA,NA,NA,NA,NA,20.5,NA,4934,66,5.78,9,NA,9.13709831,28.1198,0.700067491980415,0
"36","N3","Lytle Creek",7,14,2022,44.575313,-104.658139,"1012","Wet","Wet",0.647587879,100,1,4,0.09923119,133,1.33,NA,NA,NA,NA,NA,NA,NA,0.503759398,NA,NA,NA,NA,0.007518797,NA,NA,NA,NA,NA,0.390977444,NA,NA,NA,NA,NA,NA,NA,NA,NA,NA,NA,NA,NA,NA,NA,NA,NA,NA,NA,0.097744361,NA,NA,"10900583",100,NA,NA,NA,NA,NA,NA,NA,NA,NA,NA,NA,22.6,NA,1143,98.9,NA,NA,NA,3.46228266,70,0.781594164538499,1
"37","N4","Muddy Creek",6,30,2022,44.153926,-106.725412,"1009","Wet","Wet",0.719242428,100,1,3,0.11720646,39,0.39,NA,NA,NA,NA,NA,NA,NA,NA,NA,NA,NA,NA,NA,NA,NA,NA,NA,NA,0.871794872,NA,NA,NA,NA,0.102564103,NA,NA,NA,NA,NA,NA,NA,NA,NA,NA,NA,NA,NA,NA,0.025641026,NA,NA,"940090030",100,NA,NA,NA,NA,NA,NA,NA,NA,NA,NA,NA,13,NA,1399,78.4,NA,95,NA,3.15366101,64.9167,0.710351457290624,1
"38","N5","Pumpkin Creek",8,3,2022,46.228184,-105.688572,"1009","Wet","Wet",0.663218198,100,1,8,0.18185155,59,0.59,NA,NA,NA,NA,0.050847458,0.118644068,NA,NA,NA,0.152542373,NA,NA,0.305084746,NA,NA,NA,NA,NA,NA,NA,NA,NA,0.033898305,NA,NA,NA,0.050847458,NA,NA,0.016949153,0.271186441,NA,NA,NA,NA,NA,NA,NA,NA,NA,NA,"12753295",100,NA,NA,NA,NA,NA,NA,NA,NA,NA,NA,NA,23.8,NA,2387,93.2,7.82,19,NA,47.20783615,19.3547,0.609008844075533,1
"39","N6","Bear Creek",7,20,2022,47.30075504,-108.8405669,"1004","Dry","WetDry",0.71852121,100,1,2,0.19175911,6,0.06,NA,NA,NA,0.833333333,NA,NA,NA,NA,NA,NA,NA,NA,NA,NA,NA,0.166666667,NA,NA,NA,NA,NA,NA,NA,NA,NA,NA,NA,NA,NA,NA,NA,NA,NA,NA,NA,NA,NA,NA,NA,NA,NA,"12729773",100,NA,NA,NA,NA,NA,NA,100,0,0,22.898,22.898,22.6,NA,7271,93.2,7.8,38,NA,1.33398855,54,0.851770583273214,0
"40","N7","Sand Creek",8,26,2022,41.149564,-105.766135,"1018","Wet","Wet",0.59212728,100,1,8,0.13365891,1119,11.19,NA,NA,0.090501792,NA,NA,NA,0.244623656,0.371863799,NA,0.129032258,NA,NA,NA,0.020609319,NA,NA,NA,NA,0.034050179,0.005376344,NA,NA,NA,NA,NA,NA,NA,NA,NA,NA,NA,NA,NA,NA,NA,NA,NA,NA,0.103942652,NA,NA,"17495439",100,NA,NA,NA,NA,NA,NA,22.7297923,0,77.2702077,414.94,414.94,NA,NA,NA,NA,NA,NA,NA,20.97644234,55.0306,0.844038077135368,1
"41","N8","Pondera Coulee",7,18,2022,48.269271,-111.141801,"1003","Wet","Wet",0.76070909,100,1,7,0.13166755,263,2.63,NA,NA,0.007604563,0.041825095,NA,NA,NA,NA,NA,0.558935361,NA,NA,NA,NA,NA,0.190114068,NA,NA,0.140684411,NA,NA,NA,NA,NA,NA,NA,NA,NA,NA,NA,NA,NA,NA,NA,NA,NA,NA,0.022813688,0.038022814,NA,NA,"12643057",100,NA,NA,NA,NA,NA,NA,NA,NA,NA,NA,NA,26.1,NA,2749,NA,NA,82.5,NA,19.86334419,48.0987,0.534990203386761,1
"42","CR1","Crow Creek",7,7,2023,41.06761,-104.3876,"1019","Wet","Wet",0.50494546,140,1,4,0.16187702,100,0.714285714,NA,NA,NA,NA,NA,NA,NA,0.46,NA,0.41,NA,NA,NA,NA,NA,NA,NA,NA,0.09,NA,NA,NA,0.04,NA,NA,NA,NA,NA,NA,NA,NA,NA,NA,NA,NA,NA,NA,NA,NA,NA,NA,"2875573",140,0.4125,1.15,4.1125,1.69640625,0.0462923,0.164666667,NA,NA,NA,NA,NA,14.9,547,678,71.2,7.19,95,"Gravel, cobble, some larger rocks",8.10610199,60.0154,0.377923034831417,1
"43","CR2","Crow Creek",8,24,2023,41.09569,-104.43332,"1019","Wet","Wet",0.290800001,260,0,0,NA,0,0,NA,NA,NA,NA,NA,NA,NA,NA,NA,NA,NA,NA,NA,NA,NA,NA,NA,NA,NA,NA,NA,NA,NA,NA,NA,NA,NA,NA,NA,NA,NA,NA,NA,NA,NA,NA,NA,NA,NA,NA,NA,"2875835",260,0.19471429,0.57,5.5114286,1.07315388,0.0182213,0.046,0,18.0864387,81.9135613,1393.381,535.916,19.8,608,675,58.6,5.34,95,"Gravel, cobble, sand",7.75050879,60.057,0.483876033139206,1
"44","CR3","Crow Creek",8,28,2023,41.09919,-104.44306,"1019","Wet","Wet",0.274721214,260,1,4,0.08173123,185,0.711538462,NA,NA,NA,NA,NA,NA,NA,0.010810811,NA,0.675675676,NA,NA,0.005405405,NA,NA,NA,NA,NA,NA,NA,NA,NA,0.308108108,NA,NA,NA,NA,NA,NA,NA,NA,NA,NA,NA,NA,NA,NA,NA,NA,NA,NA,"2875835",260,0.22414286,1,7.1057143,1.86677265,0.2748463,0.196666667,0,44.0650516,55.9349484,1739.973,669.22,17,326.2,384.5,79.1,7.63,31,"Gravel, cobble",7.75050879,60.057,0.483876033139206,1
"45","CR4","Crow Creek",7,27,2023,41.10257,-104.45925,"1019","Wet","Wet",0.493987874,260,1,6,NA,NA,NA,NA,NA,NA,NA,NA,NA,NA,NA,NA,NA,NA,NA,NA,NA,NA,NA,NA,NA,NA,NA,NA,NA,NA,NA,NA,NA,NA,NA,NA,NA,NA,NA,NA,NA,NA,NA,NA,NA,NA,NA,NA,"2875835",260,0.21676923,0.62,5.3453846,1.15871491,0.083844,0.048666667,4.3373302,19.7362137,75.9264561,1641.632,631.397,18.8,582,661,129.7,12.06,95,"Silt, gravel, cobble",7.75050879,60.057,0.483876033139206,1
"46","CR5","Crow Creek",7,26,2023,41.10612,-104.50518,"1019","Wet","Wet",0.550636363,260,1,5,0.10500464,152,0.584615385,NA,NA,NA,NA,0.006578947,NA,NA,0.309210526,NA,0.532894737,NA,NA,NA,NA,NA,NA,NA,NA,NA,NA,NA,NA,0.131578947,NA,NA,NA,NA,NA,NA,NA,NA,NA,NA,NA,NA,NA,NA,NA,0.019736842,NA,NA,"2875835",260,0.267,1,5.7207143,1.52743071,0.123832,0.053333333,23.491103,4.037036,72.471861,1888.217,726.237,19,558,630,7.7,83.2,95,"Silt, gravel",7.75050879,60.057,0.483876033139206,1
"47","CR6","Crow Creek",9,1,2023,41.12808,-104.67712,"1019","Wet","Wet",0.563315148,260,1,4,0.18293101,149,0.573076923,NA,NA,NA,NA,NA,NA,NA,0.395973154,NA,0.308724832,NA,NA,NA,NA,NA,NA,NA,NA,0.248322148,NA,NA,NA,NA,NA,NA,NA,NA,NA,NA,NA,NA,NA,NA,NA,NA,NA,NA,NA,0.046979866,NA,NA,"2875875",260,0.32528571,0.8,5.0292857,1.6359548,0.5774269,0.316666667,0.5846671,56.9306698,42.484663,1364.024,524.625,17,544,642,70.9,6.84,24.5,"Gravel, sand, cobble",7.49933624,58.2202,0.734877828400666,1
"48","CR7","Crow Creek",8,29,2023,41.11905,-104.71432,"1019","Wet","Wet",0.506284841,260,1,4,0.09650345,494,1.9,NA,NA,NA,NA,NA,NA,NA,0.244939271,NA,0.710526316,NA,NA,NA,NA,NA,NA,NA,NA,0.038461538,NA,NA,NA,NA,NA,NA,NA,NA,NA,NA,NA,NA,NA,NA,NA,NA,NA,NA,NA,0.006072874,NA,NA,"2875523",260,0.15785714,0.6,2.4892857,0.39295153,0.0142968,0.029333333,55.5772346,8.6047055,35.8180598,585.819,225.315,16.8,718,850,65.2,6.3,20,"Gravel, silt, cobble",7.29197121,58,0.696634078296191,1
"49","CR8","Crow Creek",7,5,2023,41.14814,-104.85906,"1019","Wet","Wet",0.798187879,260,1,8,0.13825907,495,1.903846154,NA,NA,NA,NA,NA,NA,0.103030303,0.212121212,NA,0.258585859,NA,NA,0.008080808,0.016161616,0.117171717,NA,NA,NA,NA,NA,NA,NA,NA,NA,NA,NA,NA,NA,NA,NA,NA,NA,NA,NA,0.096969697,NA,NA,NA,0.187878788,NA,NA,"2875511",260,0.47928571,0.9,4.6935714,2.24956173,0.040392,0.022,NA,NA,NA,NA,NA,13.5,300.8,380.4,39.3,4.1,48,"Gravel",6.72617388,58,0.503037950408055,1
"50","CR8-1","Crow Creek",8,30,2023,41.14251,-104.85119,"1019","Wet","Wet",0.789545458,260,1,7,0.17647237,475,1.826923077,NA,NA,NA,NA,NA,NA,0.309473684,0.214736842,NA,0.141052632,NA,NA,NA,NA,0.233684211,NA,NA,NA,0.025263158,NA,NA,NA,NA,NA,NA,NA,NA,NA,NA,NA,NA,NA,NA,NA,0.031578947,NA,NA,NA,0.044210526,NA,NA,"2875511",260,0.23071429,0.85,3.7721429,0.87028724,0.0111666,0.012,NA,NA,NA,NA,NA,13.9,466.8,593,35.8,3.69,32.5,"Gravel, silt",6.72617388,58,0.503037950408055,1
"51","CR9","Crow Creek",7,6,2023,41.1569,-104.8749,"1019","Wet","Wet",0.792533322,260,1,6,0.18346972,548,2.107692308,NA,NA,NA,NA,NA,NA,0.560218978,0.191605839,NA,0.054744526,NA,NA,NA,NA,0.078467153,NA,NA,NA,NA,NA,NA,NA,NA,NA,NA,NA,NA,NA,NA,NA,NA,NA,NA,NA,0.080291971,NA,NA,NA,0.034671533,NA,NA,"2875493",260,0.27742857,0.67,3.3907143,0.94068102,0.015587,0.038666667,NA,NA,NA,NA,NA,14.4,334.8,419.1,60.4,6.16,78.5,"Gravel, silt",6.49862337,58,0.769548054812167,1
"52","HW1","Hanging Woman Creek",8,2,2023,45.31999,-106.5171,"1009","Wet","Wet",0.734006065,260,1,7,0.08535981,521,2.003846154,NA,NA,NA,NA,0.013435701,NA,NA,NA,NA,NA,NA,0.314779271,0.001919386,NA,NA,NA,NA,NA,NA,NA,0.001919386,NA,NA,NA,NA,0.341650672,NA,NA,NA,NA,NA,NA,NA,NA,NA,NA,NA,NA,0.017274472,NA,0.309021113,"5333505",260,NA,NA,5.3071429,NA,0.0230879,0.072666667,59.2186593,10.4273715,30.3539693,1365.627,525.241,22.4,2897,3046,60,5.16,95,"Silt, cobble, gravel",37.69274139,55.2837,0.844323280138591,1
"53","HW2","Hanging Woman Creek",8,2,2023,45.29754,-106.50551,"1009","Wet","Wet",0.722666668,260,1,4,0.27396649,11,0.042307692,NA,NA,NA,NA,0.181818182,NA,NA,NA,NA,0.363636364,NA,0.363636364,NA,NA,NA,NA,NA,NA,NA,NA,NA,NA,NA,NA,NA,0.090909091,NA,NA,NA,NA,NA,NA,NA,NA,NA,NA,NA,NA,NA,NA,NA,"5334729",260,0.27985714,0.7,4.4585714,1.24776306,0.03015277,0.150666667,52.8107251,7.6382337,39.5510412,1294.239,497.784,23.7,3009,3087,103.4,8.69,95,"Silt, gravel",37.41112518,51.8868,0.822153785036194,1
"54","HW3","Hanging Woman Creek",9,17,2023,45.25106,-106.48938,"1009","Wet","Wet",0.720751526,260,1,5,0.1431834,187,0.719230769,NA,NA,0.026737968,NA,0.037433155,NA,NA,NA,NA,0.663101604,NA,NA,0.213903743,NA,NA,NA,NA,NA,NA,NA,NA,NA,NA,NA,NA,NA,NA,NA,NA,NA,NA,NA,NA,NA,NA,NA,NA,NA,0.058823529,NA,NA,"5334757",260,0.22757143,1.14,2.4571429,0.55917551,0.02581,0.047333333,33.223565,11.1760818,55.6003532,783.772,301.451,14.1,2532,3198,57.3,5.83,95,"Silt, gravel, cobble",30.11097145,55.9271,0.813587512712323,1
"55","HW5","Hanging Woman Creek",9,16,2023,45.15095,-106.47965,"1009","Wet","Wet",0.681909086,200,1,6,0.11714407,156,0.78,NA,0.006410256,0.416666667,NA,0.038461538,NA,NA,NA,NA,0.230769231,NA,NA,0.269230769,NA,NA,NA,NA,NA,NA,NA,NA,NA,NA,NA,NA,NA,NA,NA,NA,NA,NA,NA,NA,NA,NA,NA,NA,NA,0.038461538,NA,NA,"5334035",200,0.29,0.51,5.3981818,1.56547273,0.0070215,0.008666667,0,0.6984562,99.3015438,1272.807,636.404,17.3,2790,3271,95.7,9.12,87,"Silt, gravel, cobble",26.30033302,58,0.835744801257329,1
"56","HW6","Hanging Woman Creek",9,16,2023,45.14617,-106.4858,"1009","Wet","Wet",0.681581825,260,1,4,0.17724974,150,0.576923077,NA,NA,0.56,NA,0.04,NA,NA,NA,NA,0.26,NA,NA,0.14,NA,NA,NA,NA,NA,NA,NA,NA,NA,NA,NA,NA,NA,NA,NA,NA,NA,NA,NA,NA,NA,NA,NA,NA,NA,NA,NA,NA,"5334035",260,0.18685714,0.38,4.2521429,0.79454327,0.004257,0.020666667,6.5479432,2.8122549,90.6398019,1167.924,449.202,13,2497,3241,41.8,4.37,95,"Silt, gravel",26.30033302,58,0.835744801257329,1
"57","HW7","Hanging Woman Creek",8,3,2023,44.99619,-106.41958,"1009","Wet","Wet",0.577321217,260,0,0,NA,0,0,NA,NA,NA,NA,NA,NA,NA,NA,NA,NA,NA,NA,NA,NA,NA,NA,NA,NA,NA,NA,NA,NA,NA,NA,NA,NA,NA,NA,NA,NA,NA,NA,NA,NA,NA,NA,NA,NA,NA,NA,NA,"5337655",260,0.129,0.32,4.8535714,0.62611071,NA,NA,0,0,100,1347.564,518.294,23.9,8337,8515,18.9,1.54,57,"Silt",3.74658537,54.8061,0.830066204800494,1
"58","HW8","Hanging Woman Creek",8,3,2023,44.95777,-106.3845,"1009","Dry","WetDry",0.505199998,260,0,0,NA,0,0,NA,NA,NA,NA,NA,NA,NA,NA,NA,NA,NA,NA,NA,NA,NA,NA,NA,NA,NA,NA,NA,NA,NA,NA,NA,NA,NA,NA,NA,NA,NA,NA,NA,NA,NA,NA,NA,NA,NA,NA,NA,"5337817",260,0.11430769,0.5,1.0015385,0.11448355,NA,NA,100,0,0,246.134,94.667,19.3,3668,4120,5.3,0.49,29,"Silt",2.25754547,55.7904,0.840811869399634,0
"59","HW9","Hanging Woman Creek",NA,NA,2023,44.89429,-106.33282,"1009","Dry","Dry",0.381787875,260,0,0,NA,0,0,NA,NA,NA,NA,NA,NA,NA,NA,NA,NA,NA,NA,NA,NA,NA,NA,NA,NA,NA,NA,NA,NA,NA,NA,NA,NA,NA,NA,NA,NA,NA,NA,NA,NA,NA,NA,NA,NA,NA,NA,NA,"5337981",260,0,0,0,0,0,0,0,0,0,0,0,NA,NA,NA,NA,NA,NA,NA,1.03410113,55.9487,0.854838929762606,0
"60","LP1","Lodgepole Creek",NA,NA,2023,41.19284,-104.07657,"1019","Dry","Dry",0.725151517,260,0,0,NA,0,0,NA,NA,NA,NA,NA,NA,NA,NA,NA,NA,NA,NA,NA,NA,NA,NA,NA,NA,NA,NA,NA,NA,NA,NA,NA,NA,NA,NA,NA,NA,NA,NA,NA,NA,NA,NA,NA,NA,NA,NA,NA,"17456801",260,0,0,0,0,0,0,0,0,0,0,0,NA,NA,NA,NA,NA,NA,NA,31.62687302,68.2066,0.22915528090248,0
"61","LP1-2","Lodgepole Creek",NA,NA,2023,41.15685,-104.20232,"1019","Dry","Dry",0.712145459,260,0,0,NA,0,0,NA,NA,NA,NA,NA,NA,NA,NA,NA,NA,NA,NA,NA,NA,NA,NA,NA,NA,NA,NA,NA,NA,NA,NA,NA,NA,NA,NA,NA,NA,NA,NA,NA,NA,NA,NA,NA,NA,NA,NA,NA,"17457183",260,0,0,0,0,0,0,0,0,0,0,0,NA,NA,NA,NA,NA,NA,NA,16.64577293,67.76,0.281931153006729,0
"62","LP2","Lodgepole Creek",8,15,2023,41.23016,-104.39445,"1019","Wet","Wet",0.763145454,260,1,6,0.09129939,673,2.588461538,NA,NA,NA,NA,NA,NA,0.008915305,0.200594354,NA,0.017830609,NA,NA,NA,NA,NA,NA,NA,NA,NA,NA,NA,0.493313522,NA,NA,NA,NA,NA,NA,NA,NA,NA,NA,NA,NA,0.276374443,NA,NA,NA,0.002971768,NA,NA,"17457167",260,0.12371429,0.29,1.2835714,0.15879612,0.00305711,0.014666667,40.0211922,34.0536549,25.9251529,249.148,95.826,13.7,152.8,194.8,76.3,7.91,95,"Silt, gravel, cobble",13.58662128,64.8482,0.464267808179694,1
"63","LP3","Lodgepole Creek",8,14,2023,41.2342,-104.43405,"1019","Wet","Wet",0.763915149,260,1,5,0.11031182,209,0.803846154,NA,NA,0.301435407,NA,NA,NA,NA,0.009569378,NA,0.622009569,NA,NA,NA,NA,NA,NA,NA,NA,NA,NA,NA,0.04784689,0.019138756,NA,NA,NA,NA,NA,NA,NA,NA,NA,NA,NA,NA,NA,NA,NA,NA,NA,NA,"17457167",260,0.05657143,0.22,1.2635714,0.07148204,0.001086,0.017333333,52.6423268,8.564868,38.7928052,326.625,125.625,13.8,39.2,50.1,78.5,8.13,65,"Silt, gravel",13.58662128,64.8482,0.464267808179694,1
"64","LP4","Lodgepole Creek",6,19,2023,41.24006,-104.45514,"1019","Dry","WetDry",0.758684848,260,0,0,NA,0,0,NA,NA,NA,NA,NA,NA,NA,NA,NA,NA,NA,NA,NA,NA,NA,NA,NA,NA,NA,NA,NA,NA,NA,NA,NA,NA,NA,NA,NA,NA,NA,NA,NA,NA,NA,NA,NA,NA,NA,NA,NA,"17457167",260,0.08181818,0.48,1.8590909,0.15210744,NA,NA,60.0777323,0,39.9222677,316.728,121.818,15.6,415.4,506,64.1,6.35,95,"Mud, silt, emergent vegetation",13.58662128,64.8482,0.464267808179694,0
"65","LP5","Lodgepole Creek",6,22,2023,41.24014,-104.46549,"1019","Wet","Wet",0.764527258,260,1,4,0.22373657,16,0.061538462,NA,NA,NA,NA,NA,NA,NA,0.142857143,NA,0.071428571,NA,NA,NA,0.214285714,NA,NA,NA,NA,NA,NA,NA,0.571428571,NA,NA,NA,NA,NA,NA,NA,NA,NA,NA,NA,NA,NA,NA,NA,NA,NA,NA,NA,"17457167",260,0.15142857,0.34,1.5857143,0.2401224,0.006576,0.049333333,53.3965826,0.6968201,45.9065973,451.336,173.591,16.7,264.2,313.7,61.7,5.99,95,"Silt, gravel",13.58662128,64.8482,0.464267808179694,1
"66","LP6","Lodgepole Creek",6,29,2023,41.23969,-104.4767,"1019","Wet","Wet",0.76750909,260,1,6,0.2122927,109,0.419230769,NA,NA,NA,NA,NA,NA,NA,0.091743119,NA,0.04587156,NA,NA,NA,NA,NA,NA,NA,NA,NA,NA,NA,0.165137615,0.100917431,NA,0.073394495,NA,NA,NA,NA,NA,NA,NA,NA,NA,0.52293578,NA,NA,NA,NA,NA,NA,"17457167",260,0.13357143,0.32,1.2257143,0.49308735,0.0022557,0.018666667,27.2253623,9.3876221,63.3870156,309.972,119.22,19,373,420.9,92.2,8.54,95,"Silt, gravel, some larger rocks",13.58662128,64.8482,0.464267808179694,1
"67","LP7","Lodgepole Creek",6,28,2023,41.24047,-104.48567,"1019","Wet","Wet",0.763412111,260,1,7,0.09923148,347,1.334615385,NA,NA,NA,NA,NA,NA,0.066282421,0.16426513,NA,0.616714697,NA,NA,NA,NA,NA,NA,NA,NA,NA,NA,NA,0.002881844,0.002881844,NA,0.129682997,NA,NA,NA,NA,NA,NA,NA,NA,NA,0.017291066,NA,NA,NA,NA,NA,NA,"17457167",260,0.194,0.54,1.7835714,0.34601286,0.0028014,0.017333333,55.342937,0,44.657063,843.085,324.263,16,331.6,400.1,44.1,4.35,95,"Silt, some gravel",13.58662128,64.8482,0.464267808179694,1
"68","LP8","Lodgepole Creek",8,17,2023,41.24015,-104.48809,"1019","Dry","WetDry",0.766078794,260,1,5,0.08949459,237,0.911538462,NA,NA,NA,NA,NA,NA,NA,0.717299578,NA,0.016877637,NA,NA,NA,NA,NA,NA,NA,NA,NA,NA,NA,0.004219409,NA,NA,0.257383966,NA,NA,NA,NA,NA,NA,NA,NA,NA,0.004219409,NA,NA,NA,NA,NA,NA,"17457167",260,0.169,0.5,1.965,0.332085,NA,NA,39.4843174,0,60.5156826,287.58,110.608,16,209.1,252.3,44,4.35,95,"Silt, lots of vegetation",13.58662128,64.8482,0.464267808179694,0
"69","MGL2","Muddy Creek (Glendo)",7,10,2023,42.59949,-104.93953,"1018","Wet","Wet",0.697042416,100,1,1,NA,1,0.01,NA,NA,NA,NA,1,NA,NA,NA,NA,NA,NA,NA,NA,NA,NA,NA,NA,NA,NA,NA,NA,NA,NA,NA,NA,NA,NA,NA,NA,NA,NA,NA,NA,NA,NA,NA,NA,NA,NA,NA,NA,"22093119",100,NA,NA,3.232,NA,NA,NA,0,0,100,504.195,504.195,19.2,320.4,360.4,1.1,0.11,80.5,"Silt",1.04987621,52,0.386363354337666,1
"70","MGL3","Muddy Creek (Glendo)",8,21,2023,42.62274,-104.92633,"1018","Wet","Wet",0.67423031,260,1,3,0.26991476,116,0.446153846,NA,NA,NA,NA,0.129310345,NA,NA,NA,NA,0.525862069,NA,NA,NA,NA,NA,NA,NA,NA,NA,NA,NA,NA,NA,NA,0.344827586,NA,NA,NA,NA,NA,NA,NA,NA,NA,NA,NA,NA,NA,NA,NA,NA,"22092537",260,0.14385714,0.26,0.6114286,0.08795837,0.00531433,0.033333333,0,1.0050005,98.9949995,142.786,54.918,20.3,256.3,281.4,69.2,6.25,57,"Silt, cobble",0.96549076,51.1603,0.785813766158002,1
"71","MGL5","Muddy Creek (Glendo)",8,22,2023,42.65612,-104.83703,"1018","Wet","Wet",0.655690899,260,1,6,NA,NA,NA,NA,NA,NA,NA,NA,NA,NA,NA,NA,NA,NA,NA,NA,NA,NA,NA,NA,NA,NA,NA,NA,NA,NA,NA,NA,NA,NA,NA,NA,NA,NA,NA,NA,NA,NA,NA,NA,NA,NA,NA,NA,"22092449",260,NA,NA,2.4314286,NA,NA,NA,75.0046319,0,24.9953681,642.291,247.035,18,274.8,316.8,142.4,13.47,95,"Silt",0.8229143,52,0.863331198629278,1
"72","MGL6","Muddy Creek (Glendo)",8,23,2023,42.65367,-104.82366,"1018","Dry","WetDry",0.646478796,260,0,0,NA,0,0,NA,NA,NA,NA,NA,NA,NA,NA,NA,NA,NA,NA,NA,NA,NA,NA,NA,NA,NA,NA,NA,NA,NA,NA,NA,NA,NA,NA,NA,NA,NA,NA,NA,NA,NA,NA,NA,NA,NA,NA,NA,"22092449",260,0.0656,0.3,0.936,0.0614016,NA,NA,74.6090292,0,25.3909708,61.002,23.462,17.8,210.1,243.5,47.7,4.53,95,"Silt",0.8229143,52,0.863331198629278,0
"73","MGL7","Muddy Creek (Glendo)",NA,NA,2023,42.72726,-104.72559,"1018","Dry","Dry",0.42,260,0,0,NA,0,0,NA,NA,NA,NA,NA,NA,NA,NA,NA,NA,NA,NA,NA,NA,NA,NA,NA,NA,NA,NA,NA,NA,NA,NA,NA,NA,NA,NA,NA,NA,NA,NA,NA,NA,NA,NA,NA,NA,NA,NA,NA,"22092323",260,0,0,0,0,0,0,0,0,0,0,0,NA,NA,NA,NA,NA,NA,NA,0.13981472,52.6514,0.804371657703671,0
"74","MLP0","Muddy Creek (LP)",NA,NA,2023,41.15595,-104.09061,"1019","Dry","Dry",0.63996364,260,0,0,NA,0,0,NA,NA,NA,NA,NA,NA,NA,NA,NA,NA,NA,NA,NA,NA,NA,NA,NA,NA,NA,NA,NA,NA,NA,NA,NA,NA,NA,NA,NA,NA,NA,NA,NA,NA,NA,NA,NA,NA,NA,NA,NA,"17456841",260,0,0,0,0,0,0,0,0,0,0,0,NA,NA,NA,NA,NA,NA,NA,14.38995934,67.9105,0.303194032937769,0
"75","MLP1","Muddy Creek (LP)",NA,NA,2023,41.11699,-104.11191,"1019","Dry","Dry",0.644963633,260,0,0,NA,0,0,NA,NA,NA,NA,NA,NA,NA,NA,NA,NA,NA,NA,NA,NA,NA,NA,NA,NA,NA,NA,NA,NA,NA,NA,NA,NA,NA,NA,NA,NA,NA,NA,NA,NA,NA,NA,NA,NA,NA,NA,NA,"17456841",260,0,0,0,0,0,0,0,0,0,0,0,NA,NA,NA,NA,NA,NA,NA,14.38995934,67.9105,0.303194032937769,0
"76","MLP1-2","Muddy Creek (LP)",6,21,2023,41.09706,-104.13492,"1019","Wet","Wet",0.661581811,260,1,1,NA,1,0.003846154,NA,NA,NA,NA,NA,NA,NA,1,NA,NA,NA,NA,NA,NA,NA,NA,NA,NA,NA,NA,NA,NA,NA,NA,NA,NA,NA,NA,NA,NA,NA,NA,NA,NA,NA,NA,NA,NA,NA,NA,NA,"17456843",260,0.19814286,0.55,3.0621429,0.60674173,0.07364,0.054,1.1078305,1.8719826,97.0201869,2498.848,961.095,19.1,438.3,494.3,70.8,6.55,95,"Silt, some gravel",4.25043058,67.4127,0.346428411558055,1
"77","MLP2","Muddy Creek (LP)",6,20,2023,41.10106,-104.15552,"1019","Wet","Wet",0.681351508,260,1,2,0.13087033,24,0.092307692,NA,NA,NA,NA,NA,NA,NA,0.083333333,NA,NA,NA,NA,NA,NA,NA,NA,NA,NA,0.916666667,NA,NA,NA,NA,NA,NA,NA,NA,NA,NA,NA,NA,NA,NA,NA,NA,NA,NA,NA,NA,NA,NA,"17456843",260,0.23914286,0.46,1.7421429,0.41662102,0.050749,0.068666667,0,0,100,2159.506,830.579,18.3,403.6,462.7,78.2,7.35,95,"Silt, some submerged vegetation",4.25043058,67.4127,0.346428411558055,1
"78","MLP3","Muddy Creek (LP)",8,8,2023,41.12196,-104.21717,"1019","Wet","Wet",0.673454539,260,1,6,0.1374183,337,1.296153846,NA,NA,0.068249258,NA,NA,NA,NA,0.712166172,NA,0.074183976,NA,NA,NA,NA,NA,NA,NA,NA,0.106824926,NA,NA,NA,0.020771513,NA,0.017804154,NA,NA,NA,NA,NA,NA,NA,NA,NA,NA,NA,NA,NA,NA,NA,NA,"17457195",260,0.23457143,0.56,1.9407143,0.45523612,0.05269338,0.158666667,9.4656179,45.0665313,45.4678508,492.625,189.471,14.6,258.5,322,91.4,9.28,95,"Gravel, silt",3.9744339,65.0334,0.316953867904315,1
"79","MLP4","Muddy Creek (LP)",8,16,2023,41.13206,-104.25468,"1019","Wet","Wet",0.665496972,260,1,9,0.11221345,387,1.488461538,NA,NA,0.054263566,NA,NA,NA,NA,0.542635659,NA,0.012919897,NA,NA,NA,0.010335917,NA,NA,NA,0.012919897,0.173126615,NA,NA,NA,0.067183463,NA,0.124031008,NA,NA,NA,NA,NA,NA,NA,NA,NA,NA,NA,NA,NA,0.002583979,NA,NA,"17457195",260,0.19971429,0.48,1.17,0.23366571,0.02827287,0.121333333,0.4843312,9.408121,90.1075479,205.025,78.856,15.4,218.3,267.4,74.9,7.48,57,"Silt, gravel",3.9744339,65.0334,0.316953867904315,1
"80","MLP5","Muddy Creek (LP)",8,7,2023,41.13569,-104.2756,"1019","Wet","Wet",0.667012128,180,1,8,0.12221512,187,1.038888889,0.005434783,NA,0.092391304,NA,NA,NA,NA,0.630434783,NA,NA,NA,NA,NA,NA,NA,NA,NA,0.005434783,0.168478261,NA,NA,NA,0.016304348,NA,0.048913043,NA,NA,NA,NA,NA,NA,NA,NA,NA,NA,NA,NA,NA,0.032608696,NA,NA,"17456829",260,0.36257143,0.64,1.2971429,0.4703069,0.0582043,0.106,33.2873314,0,66.7126686,390.563,150.217,14.8,228.4,283.2,74.9,7.58,29,"Silt",1.46871972,65.6024,0.359796767600643,1
"81","MLP6","Muddy Creek (LP)",6,26,2023,41.14143,-104.32197,"1019","Wet","Wet",0.639339389,260,1,3,0.09450284,186,0.715384615,NA,NA,NA,NA,NA,NA,NA,0.806451613,NA,NA,NA,NA,NA,NA,NA,NA,NA,NA,NA,NA,NA,NA,0.182795699,NA,0.010752688,NA,NA,NA,NA,NA,NA,NA,NA,NA,NA,NA,NA,NA,NA,NA,NA,"17456817",260,0.17157143,0.45,2.1664286,0.37169724,0.02991,0.095333333,3.1548041,0,96.8451959,728.508,280.195,18,261.9,301.8,91,8.6,95,"Silt, gravel",0.55402839,65.9133,0.410960915708442,1
"82","MLP7","Muddy Creek (LP)",6,27,2023,41.1437,-104.3402,"1019","Wet","Wet",0.581872731,260,1,1,NA,84,0.323076923,NA,NA,NA,NA,NA,NA,NA,NA,NA,NA,NA,NA,NA,NA,NA,NA,NA,NA,NA,NA,NA,NA,NA,NA,1,NA,NA,NA,NA,NA,NA,NA,NA,NA,NA,NA,NA,NA,NA,NA,NA,"17456817",260,0.16557143,0.34,1.9671429,0.32570265,0.00225,0.029333333,40.826301,0,59.173699,866.706,333.348,19.1,153.8,173.6,40.1,3.71,74.5,"Silt, vegetation",0.55402839,65.9133,0.410960915708442,1
"83","MLP8","Muddy Creek (LP)",NA,NA,2023,41.15125873,-104.4017659,"1019","Dry","Dry",0.221830306,260,0,0,NA,0,0,NA,NA,NA,NA,NA,NA,NA,NA,NA,NA,NA,NA,NA,NA,NA,NA,NA,NA,NA,NA,NA,NA,NA,NA,NA,NA,NA,NA,NA,NA,NA,NA,NA,NA,NA,NA,NA,NA,NA,NA,NA,"17456813",260,0,0,0,0,0,0,0,0,0,0,0,NA,NA,NA,NA,NA,NA,NA,0.08300376,65.5249,0.820336914844968,0
"84","PD1","Prairie Dog Creek",9,15,2023,44.98466,-106.83976,"1009","Wet","Wet",0.451072732,260,1,3,1,3,0.011538462,NA,NA,NA,NA,NA,NA,NA,NA,NA,NA,NA,NA,NA,NA,NA,NA,NA,NA,0.333333333,NA,NA,NA,NA,NA,NA,NA,NA,NA,0.333333333,NA,NA,NA,NA,NA,NA,NA,NA,NA,0.333333333,NA,NA,"5337699",260,NA,NA,4.3214286,NA,1.8614,0.541333333,3.1292027,37.0659587,59.8048386,1006.039,386.938,16.3,500,600,87.5,8.57,16,"Silt, gravel",31.71461868,60.6239,0.421133112730128,1
"85","PD2","Prairie Dog Creek",9,15,2023,44.96665,-106.83718,"1009","Wet","Wet",0.842151508,260,1,3,0.31823195,5,0.019230769,NA,NA,NA,NA,NA,NA,NA,NA,NA,NA,NA,NA,NA,NA,NA,NA,NA,NA,0.2,NA,NA,NA,NA,0.6,NA,NA,NA,NA,NA,NA,NA,NA,NA,NA,NA,NA,NA,NA,0.2,NA,NA,"5337699",260,NA,NA,6.1614286,NA,1.6919285,0.610666667,0,18.9682795,81.0317205,1751.424,673.625,15,470.2,584,79.4,8,16,"Gravel, cobble",31.71461868,60.6239,0.421133112730128,1
"86","PD3","Prairie Dog Creek",9,15,2023,44.94249,-106.8562,"1009","Wet","Wet",0.845193933,260,1,4,0.30838593,10,0.038461538,NA,NA,NA,NA,NA,NA,NA,0.1,NA,NA,NA,NA,NA,NA,NA,0.2,NA,NA,0.3,NA,NA,NA,NA,NA,NA,NA,NA,NA,NA,NA,NA,NA,NA,NA,NA,NA,NA,NA,0.4,NA,NA,"5337791",260,NA,NA,5.3842857,NA,1.8762068,0.368,0,0,100,1229.766,472.987,14.5,421.2,527,81.3,8.28,15,"Sand, silt",28.77975845,63.0327,0.550836292407476,1
"87","PD4","Prairie Dog Creek",8,1,2023,44.70591,-106.85977,"1009","Wet","Wet",0.721599994,260,1,3,0.14691911,17,0.065384615,NA,NA,NA,NA,NA,NA,NA,NA,NA,NA,NA,NA,NA,NA,NA,NA,0.058823529,NA,0.823529412,NA,NA,NA,NA,NA,NA,NA,NA,NA,NA,NA,NA,NA,NA,NA,NA,NA,NA,NA,0.117647059,NA,NA,"5338387",260,NA,NA,5.55,NA,2.2006156,0.570666667,1.7775265,15.8454446,82.3770288,1531.904,589.194,17.1,198.2,233.3,80.3,7.74,12,"Sand, silt, gravel",5.31946659,63,0.501307034984077,1
"88","PD5","Prairie Dog Creek",7,31,2023,44.70353,-106.8548,"1009","Wet","Wet",0.708521204,260,1,2,0.1424434,10,0.038461538,NA,NA,NA,NA,NA,NA,NA,NA,NA,NA,NA,NA,NA,NA,NA,NA,NA,NA,0.9,NA,NA,NA,NA,0.1,NA,NA,NA,NA,NA,NA,NA,NA,NA,NA,NA,NA,NA,NA,NA,NA,NA,"5338429",260,NA,NA,4.5176923,NA,1.5747796,0.459333333,6.988626,18.3594565,74.6519175,1227.008,471.926,18.6,209,238.1,85.7,8.01,19,"Gravel, silt, cobble",4.22664452,63,0.467396389198626,1
"89","PD6","Prairie Dog Creek",9,18,2023,44.66084,-106.83753,"1009","Wet","Wet",0.70095758,260,1,5,0.25513875,12,0.046153846,NA,NA,NA,NA,NA,NA,NA,NA,NA,NA,NA,NA,NA,NA,NA,NA,0.083333333,NA,0.333333333,0.083333333,NA,NA,NA,0.416666667,NA,NA,NA,NA,NA,NA,NA,NA,NA,NA,NA,NA,NA,NA,0.083333333,NA,NA,"5338507",260,NA,NA,4.0714286,NA,1.3388982,0.63,0,36.7232492,63.2767508,999.661,384.485,11.3,126.6,170.6,84.6,9.26,48,"Silt, cobble",3.50980473,62.5685,0.491741027599875,1
"90","PD7","Prairie Dog Creek",8,1,2023,44.6231,-106.84367,"1009","Wet","Wet",0.618466665,260,1,1,NA,1,0.003846154,NA,NA,NA,NA,NA,NA,NA,NA,NA,NA,NA,NA,NA,NA,NA,NA,NA,NA,1,NA,NA,NA,NA,NA,NA,NA,NA,NA,NA,NA,NA,NA,NA,NA,NA,NA,NA,NA,NA,NA,NA,"5338591",260,NA,NA,4.9642857,NA,2.1003146,0.600666667,NA,NA,NA,NA,NA,16.7,76.4,90.8,86.9,8.46,16,"Silt, sand, gravel, cobble",1.36110616,61.0884,0.499651268863195,1
"91","RC1","Richeau Creek",7,24,2023,41.87839,-104.839,"1018","Wet","Wet",0.584042419,260,1,4,0.13183272,103,0.396153846,NA,NA,NA,NA,NA,NA,NA,0.699029126,NA,NA,NA,NA,NA,NA,NA,NA,NA,NA,NA,NA,NA,NA,0.067961165,NA,NA,NA,NA,NA,NA,NA,NA,NA,NA,NA,0.213592233,NA,NA,NA,0.019417476,NA,NA,"17485869",260,0.14428571,0.38,1.7964286,0.25919898,0.01891589,0.103333333,28.8364849,47.5290869,23.6344282,509.164,195.832,20.1,519,573,107.6,9.74,95,"Silt, gravel, cobble",11.60043812,63.9078,0.441213226517365,1
"92","RC2","Richeau Creek",7,25,2023,41.86601,-104.84965,"1018","Dry","WetDry",0.592430303,260,1,1,NA,9,0.034615385,NA,NA,NA,NA,NA,NA,NA,1,NA,NA,NA,NA,NA,NA,NA,NA,NA,NA,NA,NA,NA,NA,NA,NA,NA,NA,NA,NA,NA,NA,NA,NA,NA,NA,NA,NA,NA,NA,NA,NA,NA,"17485887",260,0.1466,0.6,3.81,0.558546,0.0048384,0.020666667,86.751995,4.5632485,8.6847565,783.718,301.43,18.1,357.8,412.6,57.9,5.48,95,"Silt, cobble, gravel",10.97392845,63.9779,0.743588784832822,0
"93","RC3","Richeau Creek",7,25,2023,41.86373,-104.85284,"1018","Dry","WetDry",0.514442422,260,1,4,0.33249949,198,0.761538462,NA,NA,NA,NA,NA,NA,NA,0.388888889,NA,NA,NA,NA,NA,NA,NA,NA,NA,NA,NA,NA,NA,NA,0.166666667,NA,NA,NA,NA,NA,NA,NA,NA,NA,NA,NA,0.121212121,NA,NA,NA,0.323232323,NA,NA,"17485887",260,0.20314286,0.61,6.2842857,1.27660776,0.0018873,0.012666667,95.9537353,2.6793008,1.366964,1947.747,749.133,24.3,541,549,94.8,7.94,83.5,"Silt, cobble, gravel",10.97392845,63.9779,0.743588784832822,0
"94","RC4","Richeau Creek",9,8,2023,41.8276,-104.91803,"1018","Wet","Wet",0.561290915,260,1,6,0.1487267,414,1.592307692,NA,NA,NA,NA,NA,NA,NA,0.628019324,NA,0.089371981,NA,NA,NA,NA,NA,NA,NA,NA,0.033816425,NA,NA,NA,NA,NA,0.033816425,NA,NA,NA,NA,NA,NA,NA,NA,NA,0.188405797,NA,NA,NA,0.026570048,NA,NA,"17485913",260,0.17271429,1.06,4.215,0.72799071,0.0130863,0.037333333,28.1885918,47.6341371,24.1772711,1057.183,406.609,14.4,396.3,496.6,73,7.44,95,"Silt, gravel, cobbles",8.71718502,62.5556,0.856374164409952,1
"95","E1","Pumpkin Creek",8,3,2023,46.25003,-105.75252,"1009","Wet","Wet",0.700957567,220,1,13,0.15446125,127,0.577272727,NA,NA,0.047244094,NA,0.125984252,0.015748031,NA,NA,NA,NA,0.007874016,0.031496063,NA,NA,NA,NA,NA,NA,NA,NA,NA,NA,NA,NA,NA,0.023622047,0.031496063,NA,NA,0.031496063,0.133858268,0.007874016,NA,0.007874016,NA,0.023622047,NA,0.511811024,NA,NA,NA,"12753179",220,0.25983333,0.88,10.6,2.75423333,NA,NA,NA,NA,NA,NA,NA,23,NA,NA,NA,NA,27.5,"Silt, boulders",47.82262802,22.294,0.559775935323458,1
"96","E2","Pumpkin Creek",7,31,2023,46.21931,-105.66625,"1009","Wet","Wet",0.695042431,270,1,13,0.12619184,251,0.92962963,NA,NA,0.027888446,NA,0.007968127,NA,NA,0.011952191,0.067729084,0.278884462,NA,NA,0.171314741,NA,NA,NA,NA,NA,0.019920319,NA,NA,NA,0.027888446,NA,NA,NA,0.003984064,NA,NA,NA,0.358565737,NA,NA,NA,NA,NA,0.015936255,NA,0.003984064,0.003984064,NA,"12752157",270,0.35414286,1.27,NA,NA,NA,NA,NA,NA,NA,NA,NA,24,NA,NA,NA,NA,16,"Silt/ mud, gravel",47.06578827,21.1005,0.543728174060432,1
"97","E2.5","Pumpkin Creek",8,2,2023,46.20432,-105.64584,"1009","Dry","WetDry",0.66704242,270,1,4,0.76299216,18,0.066666667,NA,NA,NA,NA,0.277777778,NA,NA,NA,NA,0.277777778,NA,NA,NA,NA,NA,NA,NA,NA,NA,NA,NA,NA,0.222222222,NA,NA,NA,NA,NA,NA,NA,0.222222222,NA,NA,NA,NA,NA,NA,NA,NA,NA,NA,"12752185",270,NA,NA,NA,NA,NA,NA,100,0,0,211.544,78.35,27,NA,NA,NA,NA,26,"Silt/ mud",43.48041916,22.346,0.465660787476268,0
"98","E3","Pumpkin Creek",8,2,2023,46.05303,-105.57008,"1009","Wet","Wet",0.701490906,210,1,4,0.43891193,6,0.028571429,NA,NA,NA,NA,0.166666667,NA,NA,0.333333333,NA,0.333333333,NA,NA,NA,NA,NA,NA,NA,NA,NA,NA,NA,NA,0.166666667,NA,NA,NA,NA,NA,NA,NA,NA,NA,NA,NA,NA,NA,NA,NA,NA,NA,NA,"12752813",210,NA,0.28,NA,NA,NA,NA,0,0,100,354.235,168.683,25,NA,NA,NA,NA,64,"Silt/mud, macrophytes",33.69603729,26,0.784010097765609,1
"99","E4","Pumpkin Creek",8,2,2023,45.93171,-105.64672,"1009","Dry","WetDry",0.695406068,260,1,1,NA,10,0.038461538,NA,NA,NA,NA,NA,NA,NA,NA,NA,1,NA,NA,NA,NA,NA,NA,NA,NA,NA,NA,NA,NA,NA,NA,NA,NA,NA,NA,NA,NA,NA,NA,NA,NA,NA,NA,NA,NA,NA,NA,NA,"12755165",260,NA,0.19,NA,NA,NA,NA,NA,NA,NA,NA,NA,25,NA,NA,NA,NA,5,"Silt/mud",29.05254364,27.2113,0.805906034948574,0
"100","E5","Pumpkin Creek",8,2,2023,45.71198,-105.73603,"1009","Wet","Wet",0.660575762,260,1,2,NA,NA,NA,NA,NA,NA,NA,NA,NA,NA,NA,NA,NA,NA,NA,NA,NA,NA,NA,NA,NA,NA,NA,NA,NA,NA,NA,NA,NA,NA,NA,NA,NA,NA,NA,NA,NA,NA,NA,NA,NA,NA,NA,NA,"12755397",260,0.28485714,0.63,NA,NA,NA,NA,0,0,100,2215.524,852.125,20,NA,NA,NA,NA,95,"Silt/mud, macrophytes",10.80870438,32.9143,0.7734400549228,1
