"","site","stream","month","day","year","latitude","longitude","huc4","fish_sampled_length_m","prosper_ma","MJJA_HIST","BFICat","ICI_v2_1","wet_dry","wet_dry_01","wet_wetdry_dry","fish_presence","richness","evenness","abundance","abundance_per_m","bg_rel_abund","blbh_rel_abund","brmn_rel_abund","brsb_rel_abund","carp_rel_abund","ccat_rel_abund","cmsh_rel_abund","crch_rel_abund","fhch_rel_abund","fhmn_rel_abund","ge_rel_abund","gsh_rel_abund","gsun_rel_abund","iowa_rel_abund","jdt_rel_abund","lkch_rel_abund","ll_rel_abund","lmb_rel_abund","lndc_rel_abund","lnsu_rel_abund","np_rel_abund","odt_rel_abund","pkf_rel_abund","plsu_rel_abund","ptmn_rel_abund","pump_rel_abund","rcsu_rel_abund","rdsh_rel_abund","rkb_rel_abund","scat_rel_abund","sdsh_rel_abund","shrh_rel_abund","smb_rel_abund","smbuf_rel_abund","str_rel_abund","we_rel_abund","wsmn_rel_abund","wsplmn_rel_abund","wsu_rel_abund","ylbh_rel_abund","yp_rel_abund"
"1","12","Antelope Creek",7,20,2022,43.48132,-105.2058,"1012",100,0.715406069,82.7324295,37.438,0.849332048426787,"Wet",1,"Wet",1,2,0.22036715,20,0.2,NA,NA,NA,NA,NA,NA,NA,NA,NA,NA,NA,NA,NA,NA,NA,NA,NA,NA,NA,NA,NA,NA,0.2,NA,0.8,NA,NA,NA,NA,NA,NA,NA,NA,NA,NA,NA,NA,NA,NA,NA,NA
"2","33","Arch Creek",8,3,2022,44.31392,-104.67812,"1012",100,0.571018187,6.75172997,82,0.855570816481903,"Dry",0,"WetDry",1,5,0.25755274,31,0.31,NA,0.258064516,NA,NA,NA,NA,NA,NA,NA,0.225806452,NA,NA,0.35483871,NA,NA,NA,NA,NA,NA,NA,NA,NA,NA,NA,NA,NA,NA,0.064516129,NA,NA,NA,NA,NA,NA,NA,NA,NA,NA,0.096774194,NA,NA
"3","75","Bitter Creek",8,8,2022,45.031,-105.882,"1009",100,0.625109087,9.67660141,49.5886,0.827251448868994,"Dry",0,"Dry",0,0,NA,0,0,NA,NA,NA,NA,NA,NA,NA,NA,NA,NA,NA,NA,NA,NA,NA,NA,NA,NA,NA,NA,NA,NA,NA,NA,NA,NA,NA,NA,NA,NA,NA,NA,NA,NA,NA,NA,NA,NA,NA,NA,NA
"4","17","Box Creek",7,20,2022,43.101,-105.262,"1012",100,0.613042422,4.98849344,39.9714,0.849017518282876,"Dry",0,"Dry",0,0,NA,0,0,NA,NA,NA,NA,NA,NA,NA,NA,NA,NA,NA,NA,NA,NA,NA,NA,NA,NA,NA,NA,NA,NA,NA,NA,NA,NA,NA,NA,NA,NA,NA,NA,NA,NA,NA,NA,NA,NA,NA,NA,NA
"5","74","Boxelder Creek",8,1,2022,45.49322,-104.45287,"1011",100,0.695981826,45.35750198,37,0.407679750309902,"Wet",1,"Wet",1,7,0.08900148,981,9.81,NA,0.007135576,NA,NA,0.002038736,NA,NA,NA,NA,0.713557594,NA,NA,0.002038736,NA,NA,NA,NA,NA,NA,NA,NA,NA,NA,NA,NA,NA,NA,NA,NA,NA,0.009174312,NA,NA,NA,NA,NA,NA,0.086646279,0.179408767,NA,NA
"6","15","Caballo Creek",8,4,2022,44.085,-105.28,"1012",100,0.722636362,28.8509388,50,0.844710598084377,"Dry",0,"Dry",0,0,NA,0,0,NA,NA,NA,NA,NA,NA,NA,NA,NA,NA,NA,NA,NA,NA,NA,NA,NA,NA,NA,NA,NA,NA,NA,NA,NA,NA,NA,NA,NA,NA,NA,NA,NA,NA,NA,NA,NA,NA,NA,NA,NA
"7","37","Cabin Creek",7,13,2022,44.49802,-104.79692,"1012",100,0.583484847,4.59467268,70,0.792813365461586,"Wet",1,"Wet",1,6,0.09285766,461,4.61,NA,0.162689805,NA,NA,NA,NA,NA,NA,NA,0.1670282,NA,NA,0.600867679,NA,NA,NA,NA,NA,NA,NA,NA,NA,NA,NA,NA,NA,NA,NA,NA,NA,0.010845987,0.002169197,NA,NA,NA,NA,NA,NA,0.056399132,NA,NA
"8","62","Crazy Woman Creek",7,27,2022,44.47807,-106.2279,"1009",100,0.783315146,95.35053253,49,0.828089489693268,"Wet",1,"Wet",1,8,0.24973248,35,0.35,NA,NA,NA,NA,0.057142857,0.142857143,NA,NA,0.285714286,NA,0.028571429,NA,NA,NA,NA,NA,NA,NA,NA,NA,NA,NA,NA,NA,NA,NA,0.085714286,NA,NA,NA,NA,0.114285714,0.2,NA,NA,NA,NA,NA,0.085714286,NA,NA
"9","60","Donkey Creek",7,8,2022,44.587,-106.529,"1009",100,0.398072726,0.53741449,58.1963,0.841510998081125,"Dry",0,"Dry",0,0,NA,0,0,NA,NA,NA,NA,NA,NA,NA,NA,NA,NA,NA,NA,NA,NA,NA,NA,NA,NA,NA,NA,NA,NA,NA,NA,NA,NA,NA,NA,NA,NA,NA,NA,NA,NA,NA,NA,NA,NA,NA,NA,NA
"10","38","Dugout Creek",7,21,2022,43.47638,-106.4127,"1009",100,0.490848484,3.47630501,65,0.599203089653117,"Dry",0,"WetDry",1,8,0.10449023,387,3.87,NA,NA,NA,NA,NA,NA,NA,0.002583979,0.015503876,0.046511628,NA,NA,NA,NA,NA,NA,NA,NA,0.010335917,NA,NA,NA,0.095607235,NA,NA,NA,NA,NA,NA,NA,0.031007752,NA,NA,NA,NA,NA,NA,0.795865633,0.002583979,NA,NA
"11","83","East Fork Little Powder River",8,9,2022,45.35049,-105.25307,"1009",100,0.648915145,11.13413906,39.046,0.751281112252395,"Wet",1,"Wet",1,4,0.30758044,8,0.08,NA,NA,NA,NA,NA,NA,NA,0.125,NA,NA,NA,NA,NA,NA,NA,NA,NA,NA,NA,NA,NA,NA,NA,NA,NA,NA,NA,NA,NA,0.5,0.125,NA,NA,NA,NA,NA,NA,NA,0.25,NA,NA
"12","45","Horse Ranch Creek",7,21,2022,43.183,-106.339,"1009",100,0.54226666,0.43483683,53,0.895780452914201,"Dry",0,"Dry",0,0,NA,0,0,NA,NA,NA,NA,NA,NA,NA,NA,NA,NA,NA,NA,NA,NA,NA,NA,NA,NA,NA,NA,NA,NA,NA,NA,NA,NA,NA,NA,NA,NA,NA,NA,NA,NA,NA,NA,NA,NA,NA,NA,NA
"13","19","Indian Creek",7,18,2022,42.96036,-104.17644,"1012",100,0.627787872,4.15549517,60,0.857723901686579,"Wet",1,"Wet",1,3,0.11322153,147,1.47,NA,NA,NA,NA,NA,NA,NA,NA,NA,0.020408163,NA,NA,NA,NA,NA,NA,NA,NA,0.80952381,NA,NA,NA,NA,NA,NA,NA,NA,NA,NA,NA,NA,NA,NA,NA,NA,NA,NA,NA,0.170068027,NA,NA
"14","85","Inyan Kara Creek",7,14,2022,44.44522,-104.72514,"1012",100,0.807193939,33.89693451,72.8189,0.707302214377647,"Wet",1,"Wet",1,6,0.16226576,42,0.42,NA,0.095238095,NA,NA,NA,NA,NA,0.547619048,NA,0.047619048,NA,NA,0.023809524,NA,NA,NA,NA,NA,NA,NA,NA,NA,NA,NA,NA,NA,NA,NA,NA,NA,NA,NA,0.238095238,NA,NA,NA,NA,NA,0.047619048,NA,NA
"15","63","Lance Creek",7,19,2022,43.1396,-104.61629,"1012",100,0.749006055,21.29265213,48.307,0.853050982168074,"Wet",1,"Wet",1,5,0.27972073,80,0.8,NA,NA,NA,NA,NA,NA,NA,NA,NA,0.2625,NA,NA,NA,NA,NA,NA,NA,NA,0.1125,NA,NA,NA,0.075,NA,0.275,NA,NA,NA,NA,NA,0.275,NA,NA,NA,NA,NA,NA,NA,NA,NA,NA
"16","76","Little Missouri River",8,3,2022,45.1298,-104.35327,"1011",100,0.698696982,109.71977234,47.7495,0.663144040436527,"Wet",1,"Wet",1,6,0.16498387,59,0.59,NA,NA,NA,NA,0.13559322,0.288135593,NA,NA,NA,NA,NA,NA,0.203389831,NA,NA,NA,NA,NA,NA,NA,NA,NA,NA,NA,NA,NA,NA,NA,NA,NA,0.271186441,0.016949153,NA,NA,NA,NA,NA,NA,0.084745763,NA,NA
"17","69","Mitzpah Creek",8,3,2022,46.221,-105.302,"1009",100,0.64931515,51.29396057,19.9963,0.616698174388319,"Dry",0,"WetDry",1,5,0.20538502,19,0.19,NA,NA,NA,NA,0.052631579,NA,NA,0.105263158,NA,0.263157895,NA,NA,0.052631579,NA,NA,NA,NA,NA,NA,NA,NA,NA,0.526315789,NA,NA,NA,NA,NA,NA,NA,NA,NA,NA,NA,NA,NA,NA,NA,NA,NA,NA
"18","44","Mule Creek",7,19,2022,43.362,-104.227,"1012",100,0.164612122,5.09503508,63.0861,0.876955959819942,"Dry",0,"Dry",0,0,NA,0,0,NA,NA,NA,NA,NA,NA,NA,NA,NA,NA,NA,NA,NA,NA,NA,NA,NA,NA,NA,NA,NA,NA,NA,NA,NA,NA,NA,NA,NA,NA,NA,NA,NA,NA,NA,NA,NA,NA,NA,NA,NA
"19","64","North Fork Crazy Woman Creek",7,1,2022,44.08814,-106.67921,"1009",100,0.747509084,30.8505497,60.9287,0.908955554651127,"Wet",1,"Wet",1,6,0.11102505,132,1.32,NA,NA,NA,NA,NA,NA,NA,0.325581395,0.031007752,NA,NA,NA,NA,NA,NA,NA,NA,NA,0.023255814,NA,NA,NA,NA,NA,NA,NA,NA,NA,NA,0.031007752,NA,0.007751938,NA,NA,NA,NA,NA,NA,0.581395349,NA,NA
"20","72","Otter Creek",7,26,2022,45.40295,-106.1424,"1009",100,0.77903031,30.31582642,53.8854,0.766545417240212,"Wet",1,"Wet",1,2,0.25058566,13,0.13,NA,NA,0.230769231,NA,NA,NA,NA,NA,NA,NA,NA,NA,NA,NA,NA,0.769230769,NA,NA,NA,NA,NA,NA,NA,NA,NA,NA,NA,NA,NA,NA,NA,NA,NA,NA,NA,NA,NA,NA,NA,NA,NA
"21","78","Ranch Creek",7,25,2022,45.057,-105.23856,"1009",100,0.524030303,3.39101958,50,0.852585925249755,"Wet",1,"Wet",1,1,NA,2,0.02,NA,NA,NA,NA,NA,NA,NA,NA,NA,NA,NA,NA,NA,NA,NA,NA,NA,NA,NA,NA,NA,NA,1,NA,NA,NA,NA,NA,NA,NA,NA,NA,NA,NA,NA,NA,NA,NA,NA,NA,NA
"22","70","Rosebud Creek",7,11,2022,45.21595,-106.97495,"1010",100,0.764054551,2.99527669,62.8578,0.761753447804852,"Wet",1,"Wet",1,2,0.7773996,11,0.11,NA,NA,NA,NA,NA,NA,NA,NA,NA,0.545454545,NA,NA,NA,NA,NA,NA,NA,NA,0.454545455,NA,NA,NA,NA,NA,NA,NA,NA,NA,NA,NA,NA,NA,NA,NA,NA,NA,NA,NA,NA,NA,NA
"23","39","SA Creek",8,8,2022,44.922,-105.903,"1009",100,0.498878789,4.45708323,49,0.834628382697151,"Dry",0,"Dry",0,0,NA,0,0,NA,NA,NA,NA,NA,NA,NA,NA,NA,NA,NA,NA,NA,NA,NA,NA,NA,NA,NA,NA,NA,NA,NA,NA,NA,NA,NA,NA,NA,NA,NA,NA,NA,NA,NA,NA,NA,NA,NA,NA,NA
"24","10","Salt Creek",7,28,2022,43.426619,-106.29077,"1009",100,0.714181804,32.23791885,61.8658,0.802492969566347,"Wet",1,"Wet",1,3,0.35219873,35,0.35,NA,NA,0.485714286,NA,NA,NA,NA,NA,0.171428571,NA,NA,NA,NA,NA,NA,NA,NA,NA,0.342857143,NA,NA,NA,NA,NA,NA,NA,NA,NA,NA,NA,NA,NA,NA,NA,NA,NA,NA,NA,NA,NA,NA
"25","73","Sarpy Creek",7,11,2022,45.91778,-107.12907,"1010",100,0.724345455,13.81058216,53,0.809285939280296,"Wet",1,"Wet",1,4,0.30558924,78,0.78,NA,NA,NA,0.115384615,0.153846154,NA,NA,NA,NA,NA,NA,NA,NA,NA,NA,NA,NA,NA,NA,NA,NA,NA,0.384615385,NA,NA,NA,NA,NA,NA,NA,NA,NA,NA,NA,NA,NA,NA,NA,0.346153846,NA,NA
"26","26","South Fork Powder River",7,28,2022,43.32822,-106.68095,"1009",100,0.618060602,31.70162582,63,0.785424829539571,"Wet",1,"Wet",1,4,0.10684044,80,0.8,NA,NA,NA,NA,NA,NA,NA,NA,0.0125,NA,NA,NA,NA,NA,NA,NA,NA,NA,NA,NA,NA,NA,0.825,NA,NA,NA,NA,NA,NA,NA,0.1375,NA,NA,NA,NA,NA,NA,0.025,NA,NA,NA
"27","65","Spotted Horse Creek",8,8,2022,44.749,-105.894,"1009",100,0.574660608,3.8933568,50,0.820209635731139,"Dry",0,"Dry",0,0,NA,0,0,NA,NA,NA,NA,NA,NA,NA,NA,NA,NA,NA,NA,NA,NA,NA,NA,NA,NA,NA,NA,NA,NA,NA,NA,NA,NA,NA,NA,NA,NA,NA,NA,NA,NA,NA,NA,NA,NA,NA,NA,NA
"28","77","Tie Creek",8,2,2022,45.53348,-104.13185,"1011",100,0.605387883,3.50111103,38,0.680591544187292,"Dry",0,"WetDry",1,3,0.13345133,173,1.73,NA,0.086705202,NA,NA,NA,NA,NA,NA,NA,0.855491329,NA,NA,0.057803468,NA,NA,NA,NA,NA,NA,NA,NA,NA,NA,NA,NA,NA,NA,NA,NA,NA,NA,NA,NA,NA,NA,NA,NA,NA,NA,NA,NA
"29","52","Unnamed 1",8,10,2022,43.44779,-106.27551,"1009",100,0.401393938,0.95533186,61.963,0.726568778777028,"Wet",1,"Wet",0,0,NA,0,0,NA,NA,NA,NA,NA,NA,NA,NA,NA,NA,NA,NA,NA,NA,NA,NA,NA,NA,NA,NA,NA,NA,NA,NA,NA,NA,NA,NA,NA,NA,NA,NA,NA,NA,NA,NA,NA,NA,NA,NA,NA
"30","59","Unnamed 2",NA,NA,2022,43.483,-106.421,"1009",100,0.376945457,1.04208279,65,0.682676556260796,"Dry",0,"Dry",0,0,NA,0,0,NA,NA,NA,NA,NA,NA,NA,NA,NA,NA,NA,NA,NA,NA,NA,NA,NA,NA,NA,NA,NA,NA,NA,NA,NA,NA,NA,NA,NA,NA,NA,NA,NA,NA,NA,NA,NA,NA,NA,NA,NA
"31","40","Unnamed 3",7,8,2022,44.094,-106.712,"1009",100,0.481296978,0.20363173,63.8506,0.584541566384265,"Dry",0,"Dry",0,0,NA,0,0,NA,NA,NA,NA,NA,NA,NA,NA,NA,NA,NA,NA,NA,NA,NA,NA,NA,NA,NA,NA,NA,NA,NA,NA,NA,NA,NA,NA,NA,NA,NA,NA,NA,NA,NA,NA,NA,NA,NA,NA,NA
"32","49","Unnamed 4",7,8,2022,44.107,-106.71,"1009",100,0.359042419,0.10831632,63.6989,0.864629361551338,"Dry",0,"Dry",0,0,NA,0,0,NA,NA,NA,NA,NA,NA,NA,NA,NA,NA,NA,NA,NA,NA,NA,NA,NA,NA,NA,NA,NA,NA,NA,NA,NA,NA,NA,NA,NA,NA,NA,NA,NA,NA,NA,NA,NA,NA,NA,NA,NA
"33","67","Wild Horse Creek",8,8,2022,44.516,-105.939,"1009",100,0.75720605,20.99816513,50,0.718123881448425,"Dry",0,"Dry",0,0,NA,0,0,NA,NA,NA,NA,NA,NA,NA,NA,NA,NA,NA,NA,NA,NA,NA,NA,NA,NA,NA,NA,NA,NA,NA,NA,NA,NA,NA,NA,NA,NA,NA,NA,NA,NA,NA,NA,NA,NA,NA,NA,NA
"34","N1","Buffalo Creek",7,29,2022,43.53001,-106.87265,"1009",100,0.754072735,40.10441589,68,0.842605219885106,"Wet",1,"Wet",1,3,0.36908156,9,0.09,NA,NA,NA,NA,NA,NA,NA,NA,NA,NA,NA,NA,NA,NA,NA,NA,0.222222222,NA,0.555555556,NA,NA,NA,NA,NA,NA,NA,NA,NA,NA,NA,NA,NA,NA,NA,NA,NA,NA,NA,0.222222222,NA,NA
"35","N2","Crow Creek (MT)",8,9,2022,45.490586,-104.975586,"1009",100,0.551769696,9.13709831,28.1198,0.700067491980415,"Dry",0,"WetDry",1,8,0.14518259,104,1.04,NA,0.028846154,0.25,NA,0.480769231,NA,NA,NA,NA,0.048076923,NA,NA,0.009615385,NA,NA,NA,NA,NA,NA,NA,NA,NA,0.115384615,NA,NA,NA,NA,NA,NA,NA,0.038461538,NA,NA,NA,NA,NA,NA,NA,0.028846154,NA,NA
"36","N3","Lytle Creek",7,14,2022,44.575313,-104.658139,"1012",100,0.647587879,3.46228266,70,0.781594164538499,"Wet",1,"Wet",1,4,0.09923119,133,1.33,NA,NA,NA,NA,NA,NA,NA,0.503759398,NA,NA,NA,NA,0.007518797,NA,NA,NA,NA,NA,0.390977444,NA,NA,NA,NA,NA,NA,NA,NA,NA,NA,NA,NA,NA,NA,NA,NA,NA,NA,NA,0.097744361,NA,NA
"37","N4","Muddy Creek",6,30,2022,44.153926,-106.725412,"1009",100,0.719242428,3.15366101,64.9167,0.710351457290624,"Wet",1,"Wet",1,3,0.11720646,39,0.39,NA,NA,NA,NA,NA,NA,NA,NA,NA,NA,NA,NA,NA,NA,NA,NA,NA,NA,0.871794872,NA,NA,NA,NA,0.102564103,NA,NA,NA,NA,NA,NA,NA,NA,NA,NA,NA,NA,NA,NA,0.025641026,NA,NA
"38","N5","Pumpkin Creek",8,3,2022,46.228184,-105.688572,"1009",100,0.663218198,47.20783615,19.3547,0.609008844075533,"Wet",1,"Wet",1,8,0.18185155,59,0.59,NA,NA,NA,NA,0.050847458,0.118644068,NA,NA,NA,0.152542373,NA,NA,0.305084746,NA,NA,NA,NA,NA,NA,NA,NA,NA,0.033898305,NA,NA,NA,0.050847458,NA,NA,0.016949153,0.271186441,NA,NA,NA,NA,NA,NA,NA,NA,NA,NA
"39","N6","Bear Creek",7,20,2022,47.30075504,-108.8405669,"1004",100,0.71852121,1.33398855,54,0.851770583273214,"Dry",0,"WetDry",1,2,0.19175911,6,0.06,NA,NA,NA,0.833333333,NA,NA,NA,NA,NA,NA,NA,NA,NA,NA,NA,0.166666667,NA,NA,NA,NA,NA,NA,NA,NA,NA,NA,NA,NA,NA,NA,NA,NA,NA,NA,NA,NA,NA,NA,NA,NA,NA
"40","N7","Sand Creek",8,26,2022,41.149564,-105.766135,"1018",100,0.59212728,20.97644234,55.0306,0.844038077135368,"Wet",1,"Wet",1,8,0.13365891,1119,11.19,NA,NA,0.090501792,NA,NA,NA,0.244623656,0.371863799,NA,0.129032258,NA,NA,NA,0.020609319,NA,NA,NA,NA,0.034050179,0.005376344,NA,NA,NA,NA,NA,NA,NA,NA,NA,NA,NA,NA,NA,NA,NA,NA,NA,NA,0.103942652,NA,NA
"41","N8","Pondera Coulee",7,18,2022,48.269271,-111.141801,"1003",100,0.76070909,19.86334419,48.0987,0.534990203386761,"Wet",1,"Wet",1,7,0.13166755,263,2.63,NA,NA,0.007604563,0.041825095,NA,NA,NA,NA,NA,0.558935361,NA,NA,NA,NA,NA,0.190114068,NA,NA,0.140684411,NA,NA,NA,NA,NA,NA,NA,NA,NA,NA,NA,NA,NA,NA,NA,NA,NA,NA,0.022813688,0.038022814,NA,NA
"42","CR1","Crow Creek",7,7,2023,41.06761,-104.3876,"1019",140,0.50494546,8.10610199,60.0154,0.377923034831417,"Wet",1,"Wet",1,4,0.16187702,100,0.714285714,NA,NA,NA,NA,NA,NA,NA,0.46,NA,0.41,NA,NA,NA,NA,NA,NA,NA,NA,0.09,NA,NA,NA,0.04,NA,NA,NA,NA,NA,NA,NA,NA,NA,NA,NA,NA,NA,NA,NA,NA,NA,NA
"43","CR2","Crow Creek",8,24,2023,41.09569,-104.43332,"1019",260,0.290800001,7.75050879,60.057,0.483876033139206,"Wet",1,"Wet",0,0,NA,0,0,NA,NA,NA,NA,NA,NA,NA,NA,NA,NA,NA,NA,NA,NA,NA,NA,NA,NA,NA,NA,NA,NA,NA,NA,NA,NA,NA,NA,NA,NA,NA,NA,NA,NA,NA,NA,NA,NA,NA,NA,NA
"44","CR3","Crow Creek",8,28,2023,41.09919,-104.44306,"1019",260,0.274721214,7.75050879,60.057,0.483876033139206,"Wet",1,"Wet",1,4,0.08173123,185,0.711538462,NA,NA,NA,NA,NA,NA,NA,0.010810811,NA,0.675675676,NA,NA,0.005405405,NA,NA,NA,NA,NA,NA,NA,NA,NA,0.308108108,NA,NA,NA,NA,NA,NA,NA,NA,NA,NA,NA,NA,NA,NA,NA,NA,NA,NA
"45","CR4","Crow Creek",7,27,2023,41.10257,-104.45925,"1019",260,0.493987874,7.75050879,60.057,0.483876033139206,"Wet",1,"Wet",1,6,NA,NA,NA,NA,NA,NA,NA,NA,NA,NA,NA,NA,NA,NA,NA,NA,NA,NA,NA,NA,NA,NA,NA,NA,NA,NA,NA,NA,NA,NA,NA,NA,NA,NA,NA,NA,NA,NA,NA,NA,NA,NA,NA,NA
"46","CR5","Crow Creek",7,26,2023,41.10612,-104.50518,"1019",260,0.550636363,7.75050879,60.057,0.483876033139206,"Wet",1,"Wet",1,5,0.10500464,152,0.584615385,NA,NA,NA,NA,0.006578947,NA,NA,0.309210526,NA,0.532894737,NA,NA,NA,NA,NA,NA,NA,NA,NA,NA,NA,NA,0.131578947,NA,NA,NA,NA,NA,NA,NA,NA,NA,NA,NA,NA,NA,NA,NA,0.019736842,NA,NA
"47","CR6","Crow Creek",9,1,2023,41.12808,-104.67712,"1019",260,0.563315148,7.49933624,58.2202,0.734877828400666,"Wet",1,"Wet",1,4,0.18293101,149,0.573076923,NA,NA,NA,NA,NA,NA,NA,0.395973154,NA,0.308724832,NA,NA,NA,NA,NA,NA,NA,NA,0.248322148,NA,NA,NA,NA,NA,NA,NA,NA,NA,NA,NA,NA,NA,NA,NA,NA,NA,NA,NA,0.046979866,NA,NA
"48","CR7","Crow Creek",8,29,2023,41.11905,-104.71432,"1019",260,0.506284841,7.29197121,58,0.696634078296191,"Wet",1,"Wet",1,4,0.09650345,494,1.9,NA,NA,NA,NA,NA,NA,NA,0.244939271,NA,0.710526316,NA,NA,NA,NA,NA,NA,NA,NA,0.038461538,NA,NA,NA,NA,NA,NA,NA,NA,NA,NA,NA,NA,NA,NA,NA,NA,NA,NA,NA,0.006072874,NA,NA
"49","CR8","Crow Creek",7,5,2023,41.14814,-104.85906,"1019",260,0.798187879,6.72617388,58,0.503037950408055,"Wet",1,"Wet",1,8,0.13825907,495,1.903846154,NA,NA,NA,NA,NA,NA,0.103030303,0.212121212,NA,0.258585859,NA,NA,0.008080808,0.016161616,0.117171717,NA,NA,NA,NA,NA,NA,NA,NA,NA,NA,NA,NA,NA,NA,NA,NA,NA,NA,NA,0.096969697,NA,NA,NA,0.187878788,NA,NA
"50","CR8-1","Crow Creek",8,30,2023,41.14251,-104.85119,"1019",260,0.789545458,6.72617388,58,0.503037950408055,"Wet",1,"Wet",1,7,0.17647237,475,1.826923077,NA,NA,NA,NA,NA,NA,0.309473684,0.214736842,NA,0.141052632,NA,NA,NA,NA,0.233684211,NA,NA,NA,0.025263158,NA,NA,NA,NA,NA,NA,NA,NA,NA,NA,NA,NA,NA,NA,NA,0.031578947,NA,NA,NA,0.044210526,NA,NA
"51","CR9","Crow Creek",7,6,2023,41.1569,-104.8749,"1019",260,0.792533322,6.49862337,58,0.769548054812167,"Wet",1,"Wet",1,6,0.18346972,548,2.107692308,NA,NA,NA,NA,NA,NA,0.560218978,0.191605839,NA,0.054744526,NA,NA,NA,NA,0.078467153,NA,NA,NA,NA,NA,NA,NA,NA,NA,NA,NA,NA,NA,NA,NA,NA,NA,NA,NA,0.080291971,NA,NA,NA,0.034671533,NA,NA
"52","HW1","Hanging Woman Creek",8,2,2023,45.31999,-106.5171,"1009",260,0.734006065,37.69274139,55.2837,0.844323280138591,"Wet",1,"Wet",1,7,0.08535981,521,2.003846154,NA,NA,NA,NA,0.013435701,NA,NA,NA,NA,NA,NA,0.314779271,0.001919386,NA,NA,NA,NA,NA,NA,NA,0.001919386,NA,NA,NA,NA,0.341650672,NA,NA,NA,NA,NA,NA,NA,NA,NA,NA,NA,NA,0.017274472,NA,0.309021113
"53","HW2","Hanging Woman Creek",8,2,2023,45.29754,-106.50551,"1009",260,0.722666668,37.41112518,51.8868,0.822153785036194,"Wet",1,"Wet",1,4,0.27396649,11,0.042307692,NA,NA,NA,NA,0.181818182,NA,NA,NA,NA,0.363636364,NA,0.363636364,NA,NA,NA,NA,NA,NA,NA,NA,NA,NA,NA,NA,NA,0.090909091,NA,NA,NA,NA,NA,NA,NA,NA,NA,NA,NA,NA,NA,NA,NA
"54","HW3","Hanging Woman Creek",9,17,2023,45.25106,-106.48938,"1009",260,0.720751526,30.11097145,55.9271,0.813587512712323,"Wet",1,"Wet",1,5,0.1431834,187,0.719230769,NA,NA,0.026737968,NA,0.037433155,NA,NA,NA,NA,0.663101604,NA,NA,0.213903743,NA,NA,NA,NA,NA,NA,NA,NA,NA,NA,NA,NA,NA,NA,NA,NA,NA,NA,NA,NA,NA,NA,NA,NA,NA,0.058823529,NA,NA
"55","HW5","Hanging Woman Creek",9,16,2023,45.15095,-106.47965,"1009",200,0.681909086,26.30033302,58,0.835744801257329,"Wet",1,"Wet",1,6,0.11714407,156,0.78,NA,0.006410256,0.416666667,NA,0.038461538,NA,NA,NA,NA,0.230769231,NA,NA,0.269230769,NA,NA,NA,NA,NA,NA,NA,NA,NA,NA,NA,NA,NA,NA,NA,NA,NA,NA,NA,NA,NA,NA,NA,NA,NA,0.038461538,NA,NA
"56","HW6","Hanging Woman Creek",9,16,2023,45.14617,-106.4858,"1009",260,0.681581825,26.30033302,58,0.835744801257329,"Wet",1,"Wet",1,4,0.17724974,150,0.576923077,NA,NA,0.56,NA,0.04,NA,NA,NA,NA,0.26,NA,NA,0.14,NA,NA,NA,NA,NA,NA,NA,NA,NA,NA,NA,NA,NA,NA,NA,NA,NA,NA,NA,NA,NA,NA,NA,NA,NA,NA,NA,NA
"57","HW7","Hanging Woman Creek",8,3,2023,44.99619,-106.41958,"1009",260,0.577321217,3.74658537,54.8061,0.830066204800494,"Wet",1,"Wet",0,0,NA,0,0,NA,NA,NA,NA,NA,NA,NA,NA,NA,NA,NA,NA,NA,NA,NA,NA,NA,NA,NA,NA,NA,NA,NA,NA,NA,NA,NA,NA,NA,NA,NA,NA,NA,NA,NA,NA,NA,NA,NA,NA,NA
"58","HW8","Hanging Woman Creek",8,3,2023,44.95777,-106.3845,"1009",260,0.505199998,2.25754547,55.7904,0.840811869399634,"Dry",0,"WetDry",0,0,NA,0,0,NA,NA,NA,NA,NA,NA,NA,NA,NA,NA,NA,NA,NA,NA,NA,NA,NA,NA,NA,NA,NA,NA,NA,NA,NA,NA,NA,NA,NA,NA,NA,NA,NA,NA,NA,NA,NA,NA,NA,NA,NA
"59","HW9","Hanging Woman Creek",NA,NA,2023,44.89429,-106.33282,"1009",260,0.381787875,1.03410113,55.9487,0.854838929762606,"Dry",0,"Dry",0,0,NA,0,0,NA,NA,NA,NA,NA,NA,NA,NA,NA,NA,NA,NA,NA,NA,NA,NA,NA,NA,NA,NA,NA,NA,NA,NA,NA,NA,NA,NA,NA,NA,NA,NA,NA,NA,NA,NA,NA,NA,NA,NA,NA
"60","LP1","Lodgepole Creek",NA,NA,2023,41.19284,-104.07657,"1019",260,0.725151517,31.62687302,68.2066,0.22915528090248,"Dry",0,"Dry",0,0,NA,0,0,NA,NA,NA,NA,NA,NA,NA,NA,NA,NA,NA,NA,NA,NA,NA,NA,NA,NA,NA,NA,NA,NA,NA,NA,NA,NA,NA,NA,NA,NA,NA,NA,NA,NA,NA,NA,NA,NA,NA,NA,NA
"61","LP1-2","Lodgepole Creek",NA,NA,2023,41.15685,-104.20232,"1019",260,0.712145459,16.64577293,67.76,0.281931153006729,"Dry",0,"Dry",0,0,NA,0,0,NA,NA,NA,NA,NA,NA,NA,NA,NA,NA,NA,NA,NA,NA,NA,NA,NA,NA,NA,NA,NA,NA,NA,NA,NA,NA,NA,NA,NA,NA,NA,NA,NA,NA,NA,NA,NA,NA,NA,NA,NA
"62","LP2","Lodgepole Creek",8,15,2023,41.23016,-104.39445,"1019",260,0.763145454,13.58662128,64.8482,0.464267808179694,"Wet",1,"Wet",1,6,0.09129939,673,2.588461538,NA,NA,NA,NA,NA,NA,0.008915305,0.200594354,NA,0.017830609,NA,NA,NA,NA,NA,NA,NA,NA,NA,NA,NA,0.493313522,NA,NA,NA,NA,NA,NA,NA,NA,NA,NA,NA,NA,0.276374443,NA,NA,NA,0.002971768,NA,NA
"63","LP3","Lodgepole Creek",8,14,2023,41.2342,-104.43405,"1019",260,0.763915149,13.58662128,64.8482,0.464267808179694,"Wet",1,"Wet",1,5,0.11031182,209,0.803846154,NA,NA,0.301435407,NA,NA,NA,NA,0.009569378,NA,0.622009569,NA,NA,NA,NA,NA,NA,NA,NA,NA,NA,NA,0.04784689,0.019138756,NA,NA,NA,NA,NA,NA,NA,NA,NA,NA,NA,NA,NA,NA,NA,NA,NA,NA
"64","LP4","Lodgepole Creek",6,19,2023,41.24006,-104.45514,"1019",260,0.758684848,13.58662128,64.8482,0.464267808179694,"Dry",0,"WetDry",0,0,NA,0,0,NA,NA,NA,NA,NA,NA,NA,NA,NA,NA,NA,NA,NA,NA,NA,NA,NA,NA,NA,NA,NA,NA,NA,NA,NA,NA,NA,NA,NA,NA,NA,NA,NA,NA,NA,NA,NA,NA,NA,NA,NA
"65","LP5","Lodgepole Creek",6,22,2023,41.24014,-104.46549,"1019",260,0.764527258,13.58662128,64.8482,0.464267808179694,"Wet",1,"Wet",1,4,0.22373657,16,0.061538462,NA,NA,NA,NA,NA,NA,NA,0.142857143,NA,0.071428571,NA,NA,NA,0.214285714,NA,NA,NA,NA,NA,NA,NA,0.571428571,NA,NA,NA,NA,NA,NA,NA,NA,NA,NA,NA,NA,NA,NA,NA,NA,NA,NA,NA
"66","LP6","Lodgepole Creek",6,29,2023,41.23969,-104.4767,"1019",260,0.76750909,13.58662128,64.8482,0.464267808179694,"Wet",1,"Wet",1,6,0.2122927,109,0.419230769,NA,NA,NA,NA,NA,NA,NA,0.091743119,NA,0.04587156,NA,NA,NA,NA,NA,NA,NA,NA,NA,NA,NA,0.165137615,0.100917431,NA,0.073394495,NA,NA,NA,NA,NA,NA,NA,NA,NA,0.52293578,NA,NA,NA,NA,NA,NA
"67","LP7","Lodgepole Creek",6,28,2023,41.24047,-104.48567,"1019",260,0.763412111,13.58662128,64.8482,0.464267808179694,"Wet",1,"Wet",1,7,0.09923148,347,1.334615385,NA,NA,NA,NA,NA,NA,0.066282421,0.16426513,NA,0.616714697,NA,NA,NA,NA,NA,NA,NA,NA,NA,NA,NA,0.002881844,0.002881844,NA,0.129682997,NA,NA,NA,NA,NA,NA,NA,NA,NA,0.017291066,NA,NA,NA,NA,NA,NA
"68","LP8","Lodgepole Creek",8,17,2023,41.24015,-104.48809,"1019",260,0.766078794,13.58662128,64.8482,0.464267808179694,"Dry",0,"WetDry",1,5,0.08949459,237,0.911538462,NA,NA,NA,NA,NA,NA,NA,0.717299578,NA,0.016877637,NA,NA,NA,NA,NA,NA,NA,NA,NA,NA,NA,0.004219409,NA,NA,0.257383966,NA,NA,NA,NA,NA,NA,NA,NA,NA,0.004219409,NA,NA,NA,NA,NA,NA
"69","MGL2","Muddy Creek (Glendo)",7,10,2023,42.59949,-104.93953,"1018",100,0.697042416,1.04987621,52,0.386363354337666,"Wet",1,"Wet",1,1,NA,1,0.01,NA,NA,NA,NA,1,NA,NA,NA,NA,NA,NA,NA,NA,NA,NA,NA,NA,NA,NA,NA,NA,NA,NA,NA,NA,NA,NA,NA,NA,NA,NA,NA,NA,NA,NA,NA,NA,NA,NA,NA,NA
"70","MGL3","Muddy Creek (Glendo)",8,21,2023,42.62274,-104.92633,"1018",260,0.67423031,0.96549076,51.1603,0.785813766158002,"Wet",1,"Wet",1,3,0.26991476,116,0.446153846,NA,NA,NA,NA,0.129310345,NA,NA,NA,NA,0.525862069,NA,NA,NA,NA,NA,NA,NA,NA,NA,NA,NA,NA,NA,NA,0.344827586,NA,NA,NA,NA,NA,NA,NA,NA,NA,NA,NA,NA,NA,NA,NA,NA
"71","MGL5","Muddy Creek (Glendo)",8,22,2023,42.65612,-104.83703,"1018",260,0.655690899,0.8229143,52,0.863331198629278,"Wet",1,"Wet",1,6,NA,NA,NA,NA,NA,NA,NA,NA,NA,NA,NA,NA,NA,NA,NA,NA,NA,NA,NA,NA,NA,NA,NA,NA,NA,NA,NA,NA,NA,NA,NA,NA,NA,NA,NA,NA,NA,NA,NA,NA,NA,NA,NA,NA
"72","MGL6","Muddy Creek (Glendo)",8,23,2023,42.65367,-104.82366,"1018",260,0.646478796,0.8229143,52,0.863331198629278,"Dry",0,"WetDry",0,0,NA,0,0,NA,NA,NA,NA,NA,NA,NA,NA,NA,NA,NA,NA,NA,NA,NA,NA,NA,NA,NA,NA,NA,NA,NA,NA,NA,NA,NA,NA,NA,NA,NA,NA,NA,NA,NA,NA,NA,NA,NA,NA,NA
"73","MGL7","Muddy Creek (Glendo)",NA,NA,2023,42.72726,-104.72559,"1018",260,0.42,0.13981472,52.6514,0.804371657703671,"Dry",0,"Dry",0,0,NA,0,0,NA,NA,NA,NA,NA,NA,NA,NA,NA,NA,NA,NA,NA,NA,NA,NA,NA,NA,NA,NA,NA,NA,NA,NA,NA,NA,NA,NA,NA,NA,NA,NA,NA,NA,NA,NA,NA,NA,NA,NA,NA
"74","MLP0","Muddy Creek (LP)",NA,NA,2023,41.15595,-104.09061,"1019",260,0.63996364,14.38995934,67.9105,0.303194032937769,"Dry",0,"Dry",0,0,NA,0,0,NA,NA,NA,NA,NA,NA,NA,NA,NA,NA,NA,NA,NA,NA,NA,NA,NA,NA,NA,NA,NA,NA,NA,NA,NA,NA,NA,NA,NA,NA,NA,NA,NA,NA,NA,NA,NA,NA,NA,NA,NA
"75","MLP1","Muddy Creek (LP)",NA,NA,2023,41.11699,-104.11191,"1019",260,0.644963633,14.38995934,67.9105,0.303194032937769,"Dry",0,"Dry",0,0,NA,0,0,NA,NA,NA,NA,NA,NA,NA,NA,NA,NA,NA,NA,NA,NA,NA,NA,NA,NA,NA,NA,NA,NA,NA,NA,NA,NA,NA,NA,NA,NA,NA,NA,NA,NA,NA,NA,NA,NA,NA,NA,NA
"76","MLP1-2","Muddy Creek (LP)",6,21,2023,41.09706,-104.13492,"1019",260,0.661581811,4.25043058,67.4127,0.346428411558055,"Wet",1,"Wet",1,1,NA,1,0.003846154,NA,NA,NA,NA,NA,NA,NA,1,NA,NA,NA,NA,NA,NA,NA,NA,NA,NA,NA,NA,NA,NA,NA,NA,NA,NA,NA,NA,NA,NA,NA,NA,NA,NA,NA,NA,NA,NA,NA,NA,NA
"77","MLP2","Muddy Creek (LP)",6,20,2023,41.10106,-104.15552,"1019",260,0.681351508,4.25043058,67.4127,0.346428411558055,"Wet",1,"Wet",1,2,0.13087033,24,0.092307692,NA,NA,NA,NA,NA,NA,NA,0.083333333,NA,NA,NA,NA,NA,NA,NA,NA,NA,NA,0.916666667,NA,NA,NA,NA,NA,NA,NA,NA,NA,NA,NA,NA,NA,NA,NA,NA,NA,NA,NA,NA,NA,NA
"78","MLP3","Muddy Creek (LP)",8,8,2023,41.12196,-104.21717,"1019",260,0.673454539,3.9744339,65.0334,0.316953867904315,"Wet",1,"Wet",1,6,0.1374183,337,1.296153846,NA,NA,0.068249258,NA,NA,NA,NA,0.712166172,NA,0.074183976,NA,NA,NA,NA,NA,NA,NA,NA,0.106824926,NA,NA,NA,0.020771513,NA,0.017804154,NA,NA,NA,NA,NA,NA,NA,NA,NA,NA,NA,NA,NA,NA,NA,NA
"79","MLP4","Muddy Creek (LP)",8,16,2023,41.13206,-104.25468,"1019",260,0.665496972,3.9744339,65.0334,0.316953867904315,"Wet",1,"Wet",1,9,0.11221345,387,1.488461538,NA,NA,0.054263566,NA,NA,NA,NA,0.542635659,NA,0.012919897,NA,NA,NA,0.010335917,NA,NA,NA,0.012919897,0.173126615,NA,NA,NA,0.067183463,NA,0.124031008,NA,NA,NA,NA,NA,NA,NA,NA,NA,NA,NA,NA,NA,0.002583979,NA,NA
"80","MLP5","Muddy Creek (LP)",8,7,2023,41.13569,-104.2756,"1019",180,0.667012128,1.46871972,65.6024,0.359796767600643,"Wet",1,"Wet",1,8,0.12221512,187,1.038888889,0.005434783,NA,0.092391304,NA,NA,NA,NA,0.630434783,NA,NA,NA,NA,NA,NA,NA,NA,NA,0.005434783,0.168478261,NA,NA,NA,0.016304348,NA,0.048913043,NA,NA,NA,NA,NA,NA,NA,NA,NA,NA,NA,NA,NA,0.032608696,NA,NA
"81","MLP6","Muddy Creek (LP)",6,26,2023,41.14143,-104.32197,"1019",260,0.639339389,0.55402839,65.9133,0.410960915708442,"Wet",1,"Wet",1,3,0.09450284,186,0.715384615,NA,NA,NA,NA,NA,NA,NA,0.806451613,NA,NA,NA,NA,NA,NA,NA,NA,NA,NA,NA,NA,NA,NA,0.182795699,NA,0.010752688,NA,NA,NA,NA,NA,NA,NA,NA,NA,NA,NA,NA,NA,NA,NA,NA
"82","MLP7","Muddy Creek (LP)",6,27,2023,41.1437,-104.3402,"1019",260,0.581872731,0.55402839,65.9133,0.410960915708442,"Wet",1,"Wet",1,1,NA,84,0.323076923,NA,NA,NA,NA,NA,NA,NA,NA,NA,NA,NA,NA,NA,NA,NA,NA,NA,NA,NA,NA,NA,NA,NA,NA,1,NA,NA,NA,NA,NA,NA,NA,NA,NA,NA,NA,NA,NA,NA,NA,NA
"83","MLP8","Muddy Creek (LP)",NA,NA,2023,41.15125873,-104.4017659,"1019",260,0.221830306,0.08300376,65.5249,0.820336914844968,"Dry",0,"Dry",0,0,NA,0,0,NA,NA,NA,NA,NA,NA,NA,NA,NA,NA,NA,NA,NA,NA,NA,NA,NA,NA,NA,NA,NA,NA,NA,NA,NA,NA,NA,NA,NA,NA,NA,NA,NA,NA,NA,NA,NA,NA,NA,NA,NA
"84","PD1","Prairie Dog Creek",9,15,2023,44.98466,-106.83976,"1009",260,0.451072732,31.71461868,60.6239,0.421133112730128,"Wet",1,"Wet",1,3,1,3,0.011538462,NA,NA,NA,NA,NA,NA,NA,NA,NA,NA,NA,NA,NA,NA,NA,NA,NA,NA,0.333333333,NA,NA,NA,NA,NA,NA,NA,NA,NA,0.333333333,NA,NA,NA,NA,NA,NA,NA,NA,NA,0.333333333,NA,NA
"85","PD2","Prairie Dog Creek",9,15,2023,44.96665,-106.83718,"1009",260,0.842151508,31.71461868,60.6239,0.421133112730128,"Wet",1,"Wet",1,3,0.31823195,5,0.019230769,NA,NA,NA,NA,NA,NA,NA,NA,NA,NA,NA,NA,NA,NA,NA,NA,NA,NA,0.2,NA,NA,NA,NA,0.6,NA,NA,NA,NA,NA,NA,NA,NA,NA,NA,NA,NA,NA,NA,0.2,NA,NA
"86","PD3","Prairie Dog Creek",9,15,2023,44.94249,-106.8562,"1009",260,0.845193933,28.77975845,63.0327,0.550836292407476,"Wet",1,"Wet",1,4,0.30838593,10,0.038461538,NA,NA,NA,NA,NA,NA,NA,0.1,NA,NA,NA,NA,NA,NA,NA,0.2,NA,NA,0.3,NA,NA,NA,NA,NA,NA,NA,NA,NA,NA,NA,NA,NA,NA,NA,NA,NA,NA,NA,0.4,NA,NA
"87","PD4","Prairie Dog Creek",8,1,2023,44.70591,-106.85977,"1009",260,0.721599994,5.31946659,63,0.501307034984077,"Wet",1,"Wet",1,3,0.14691911,17,0.065384615,NA,NA,NA,NA,NA,NA,NA,NA,NA,NA,NA,NA,NA,NA,NA,NA,0.058823529,NA,0.823529412,NA,NA,NA,NA,NA,NA,NA,NA,NA,NA,NA,NA,NA,NA,NA,NA,NA,NA,NA,0.117647059,NA,NA
"88","PD5","Prairie Dog Creek",7,31,2023,44.70353,-106.8548,"1009",260,0.708521204,4.22664452,63,0.467396389198626,"Wet",1,"Wet",1,2,0.1424434,10,0.038461538,NA,NA,NA,NA,NA,NA,NA,NA,NA,NA,NA,NA,NA,NA,NA,NA,NA,NA,0.9,NA,NA,NA,NA,0.1,NA,NA,NA,NA,NA,NA,NA,NA,NA,NA,NA,NA,NA,NA,NA,NA,NA
"89","PD6","Prairie Dog Creek",9,18,2023,44.66084,-106.83753,"1009",260,0.70095758,3.50980473,62.5685,0.491741027599875,"Wet",1,"Wet",1,5,0.25513875,12,0.046153846,NA,NA,NA,NA,NA,NA,NA,NA,NA,NA,NA,NA,NA,NA,NA,NA,0.083333333,NA,0.333333333,0.083333333,NA,NA,NA,0.416666667,NA,NA,NA,NA,NA,NA,NA,NA,NA,NA,NA,NA,NA,NA,0.083333333,NA,NA
"90","PD7","Prairie Dog Creek",8,1,2023,44.6231,-106.84367,"1009",260,0.618466665,1.36110616,61.0884,0.499651268863195,"Wet",1,"Wet",1,1,NA,1,0.003846154,NA,NA,NA,NA,NA,NA,NA,NA,NA,NA,NA,NA,NA,NA,NA,NA,NA,NA,1,NA,NA,NA,NA,NA,NA,NA,NA,NA,NA,NA,NA,NA,NA,NA,NA,NA,NA,NA,NA,NA,NA
"91","RC1","Richeau Creek",7,24,2023,41.87839,-104.839,"1018",260,0.584042419,11.60043812,63.9078,0.441213226517365,"Wet",1,"Wet",1,4,0.13183272,103,0.396153846,NA,NA,NA,NA,NA,NA,NA,0.699029126,NA,NA,NA,NA,NA,NA,NA,NA,NA,NA,NA,NA,NA,NA,0.067961165,NA,NA,NA,NA,NA,NA,NA,NA,NA,NA,NA,0.213592233,NA,NA,NA,0.019417476,NA,NA
"92","RC2","Richeau Creek",7,25,2023,41.86601,-104.84965,"1018",260,0.592430303,10.97392845,63.9779,0.743588784832822,"Dry",0,"WetDry",1,1,NA,9,0.034615385,NA,NA,NA,NA,NA,NA,NA,1,NA,NA,NA,NA,NA,NA,NA,NA,NA,NA,NA,NA,NA,NA,NA,NA,NA,NA,NA,NA,NA,NA,NA,NA,NA,NA,NA,NA,NA,NA,NA,NA,NA
"93","RC3","Richeau Creek",7,25,2023,41.86373,-104.85284,"1018",260,0.514442422,10.97392845,63.9779,0.743588784832822,"Dry",0,"WetDry",1,4,0.33249949,198,0.761538462,NA,NA,NA,NA,NA,NA,NA,0.388888889,NA,NA,NA,NA,NA,NA,NA,NA,NA,NA,NA,NA,NA,NA,0.166666667,NA,NA,NA,NA,NA,NA,NA,NA,NA,NA,NA,0.121212121,NA,NA,NA,0.323232323,NA,NA
"94","RC4","Richeau Creek",9,8,2023,41.8276,-104.91803,"1018",260,0.561290915,8.71718502,62.5556,0.856374164409952,"Wet",1,"Wet",1,6,0.1487267,414,1.592307692,NA,NA,NA,NA,NA,NA,NA,0.628019324,NA,0.089371981,NA,NA,NA,NA,NA,NA,NA,NA,0.033816425,NA,NA,NA,NA,NA,0.033816425,NA,NA,NA,NA,NA,NA,NA,NA,NA,0.188405797,NA,NA,NA,0.026570048,NA,NA
"95","E1","Pumpkin Creek",8,3,2023,46.25003,-105.75252,"1009",220,0.700957567,47.82262802,22.294,0.559775935323458,"Wet",1,"Wet",1,13,0.15446125,127,0.577272727,NA,NA,0.047244094,NA,0.125984252,0.015748031,NA,NA,NA,NA,0.007874016,0.031496063,NA,NA,NA,NA,NA,NA,NA,NA,NA,NA,NA,NA,NA,0.023622047,0.031496063,NA,NA,0.031496063,0.133858268,0.007874016,NA,0.007874016,NA,0.023622047,NA,0.511811024,NA,NA,NA
"96","E2","Pumpkin Creek",7,31,2023,46.21931,-105.66625,"1009",270,0.695042431,47.06578827,21.1005,0.543728174060432,"Wet",1,"Wet",1,13,0.12619184,251,0.92962963,NA,NA,0.027888446,NA,0.007968127,NA,NA,0.011952191,0.067729084,0.278884462,NA,NA,0.171314741,NA,NA,NA,NA,NA,0.019920319,NA,NA,NA,0.027888446,NA,NA,NA,0.003984064,NA,NA,NA,0.358565737,NA,NA,NA,NA,NA,0.015936255,NA,0.003984064,0.003984064,NA
"97","E2.5","Pumpkin Creek",8,2,2023,46.20432,-105.64584,"1009",270,0.66704242,43.48041916,22.346,0.465660787476268,"Dry",0,"WetDry",1,4,0.76299216,18,0.066666667,NA,NA,NA,NA,0.277777778,NA,NA,NA,NA,0.277777778,NA,NA,NA,NA,NA,NA,NA,NA,NA,NA,NA,NA,0.222222222,NA,NA,NA,NA,NA,NA,NA,0.222222222,NA,NA,NA,NA,NA,NA,NA,NA,NA,NA
"98","E3","Pumpkin Creek",8,2,2023,46.05303,-105.57008,"1009",210,0.701490906,33.69603729,26,0.784010097765609,"Wet",1,"Wet",1,4,0.43891193,6,0.028571429,NA,NA,NA,NA,0.166666667,NA,NA,0.333333333,NA,0.333333333,NA,NA,NA,NA,NA,NA,NA,NA,NA,NA,NA,NA,0.166666667,NA,NA,NA,NA,NA,NA,NA,NA,NA,NA,NA,NA,NA,NA,NA,NA,NA,NA
"99","E4","Pumpkin Creek",8,2,2023,45.93171,-105.64672,"1009",260,0.695406068,29.05254364,27.2113,0.805906034948574,"Dry",0,"WetDry",1,1,NA,10,0.038461538,NA,NA,NA,NA,NA,NA,NA,NA,NA,1,NA,NA,NA,NA,NA,NA,NA,NA,NA,NA,NA,NA,NA,NA,NA,NA,NA,NA,NA,NA,NA,NA,NA,NA,NA,NA,NA,NA,NA,NA,NA
"100","E5","Pumpkin Creek",8,2,2023,45.71198,-105.73603,"1009",260,0.660575762,10.80870438,32.9143,0.7734400549228,"Wet",1,"Wet",1,2,NA,NA,NA,NA,NA,NA,NA,NA,NA,NA,NA,NA,NA,NA,NA,NA,NA,NA,NA,NA,NA,NA,NA,NA,NA,NA,NA,NA,NA,NA,NA,NA,NA,NA,NA,NA,NA,NA,NA,NA,NA,NA,NA,NA
